date,month,tmin,tmax,tavg,humidity,pressure,prcp
2019-01-01,1,-0.3,9.6,4.0,74.9,1015.5,0.0
2019-01-02,1,-6.3,1.5,-1.5,86.4,1010.2,1.1
2019-01-03,1,-5.0,6.6,1.3,82.2,998.6,2.09
2019-01-04,1,-1.7,8.6,3.4,82.1,1016.1,0.0
2019-01-05,1,-7.4,5.4,-0.6,75.1,998.6,28.06
2019-01-06,1,-7.2,3.4,-2.2,90.6,1011.4,2.14
2019-01-07,1,-7.1,5.0,-0.4,83.4,1025.2,0.0
2019-01-08,1,-12.0,-2.2,-5.4,78.6,991.1,7.84
2019-01-09,1,-4.9,4.3,-1.2,95.0,1017.7,0.28
2019-01-10,1,-6.3,2.7,-1.9,77.8,1002.6,1.9
2019-01-11,1,-9.4,4.2,-2.4,83.6,1010.0,0.0
2019-01-12,1,-5.8,2.2,-1.6,86.2,1017.8,2.81
2019-01-13,1,-7.8,3.9,-2.3,67.4,1000.7,0.0
2019-01-14,1,-11.1,0.8,-4.4,89.3,1001.4,0.44
2019-01-15,1,-7.3,1.9,-3.8,81.5,1000.5,33.96
2019-01-16,1,-1.2,9.6,2.7,78.4,1014.0,0.0
2019-01-17,1,-10.5,0.2,-3.7,78.1,1039.1,0.0
2019-01-18,1,-4.1,7.4,1.7,100.0,1009.8,1.36
2019-01-19,1,-4.8,5.3,-0.5,69.3,1008.2,1.39
2019-01-20,1,-5.5,5.9,-0.3,74.9,1021.6,0.0
2019-01-21,1,-9.6,0.1,-4.0,92.8,1004.5,8.53
2019-01-22,1,-4.9,3.5,-0.4,92.0,1017.1,1.09
2019-01-23,1,-8.1,-0.2,-4.5,90.9,1011.9,1.83
2019-01-24,1,-2.4,5.7,2.4,74.9,1012.9,0.0
2019-01-25,1,-10.5,-1.0,-4.9,64.5,1022.1,0.0
2019-01-26,1,-7.1,5.2,-0.9,83.0,1016.5,0.0
2019-01-27,1,-3.4,8.7,2.2,95.6,1005.8,4.13
2019-01-28,1,-9.8,3.4,-3.1,81.8,1016.4,0.0
2019-01-29,1,-4.4,6.6,1.6,68.3,1023.1,0.0
2019-01-30,1,-7.8,1.4,-1.7,83.0,997.2,9.6
2019-01-31,1,-7.9,2.1,-4.0,71.3,1006.4,0.0
2019-02-01,2,0.3,7.2,3.5,84.6,1007.5,6.92
2019-02-02,2,-4.8,6.3,-0.3,73.0,1024.4,0.0
2019-02-03,2,-12.2,-1.7,-6.5,77.6,1013.6,0.0
2019-02-04,2,-6.9,3.8,-1.8,75.3,1020.2,0.0
2019-02-05,2,-5.8,4.6,-0.2,87.3,1025.7,0.36
2019-02-06,2,-1.9,10.0,3.4,86.8,1023.8,7.25
2019-02-07,2,-3.1,5.4,2.3,54.3,1008.6,0.0
2019-02-08,2,-6.2,2.0,-2.6,86.7,1005.5,5.08
2019-02-09,2,-8.4,2.8,-3.7,96.1,1011.1,0.48
2019-02-10,2,-5.1,6.5,-0.3,80.7,1003.7,19.88
2019-02-11,2,-4.8,7.0,1.2,70.9,1023.4,0.0
2019-02-12,2,-8.7,4.6,-1.8,70.3,1008.7,0.0
2019-02-13,2,-4.6,7.0,1.1,79.4,1021.1,0.0
2019-02-14,2,-6.6,2.9,-1.3,64.2,1024.6,0.0
2019-02-15,2,-4.4,5.6,-0.1,87.8,1013.5,0.87
2019-02-16,2,-2.6,5.8,1.8,88.0,1020.9,1.94
2019-02-17,2,-6.9,3.5,-0.1,72.8,1010.0,0.0
2019-02-18,2,-6.9,3.5,-1.9,68.9,1004.8,0.0
2019-02-19,2,-4.3,5.5,0.6,60.8,1022.0,0.0
2019-02-20,2,-0.7,12.4,5.5,76.8,1001.4,0.5
2019-02-21,2,-7.3,3.4,-0.7,62.2,1022.1,0.0
2019-02-22,2,-2.1,5.2,1.5,79.3,1003.6,0.84
2019-02-23,2,-5.2,4.3,-2.1,91.3,1024.4,0.22
2019-02-24,2,0.4,10.7,5.2,73.7,1028.5,0.0
2019-02-25,2,-6.8,2.5,-1.3,82.2,1019.3,0.0
2019-02-26,2,-7.7,4.6,-1.4,89.4,1014.3,3.03
2019-02-27,2,-8.5,2.8,-2.7,77.5,1007.9,1.64
2019-02-28,2,-1.7,7.5,1.7,77.5,1017.8,1.05
2019-03-01,3,4.2,13.4,8.3,72.0,1007.0,0.0
2019-03-02,3,-4.3,5.3,1.9,82.8,1013.8,0.0
2019-03-03,3,-4.2,7.8,2.6,77.0,1011.2,0.0
2019-03-04,3,-4.9,5.6,0.2,69.8,1019.0,0.0
2019-03-05,3,2.6,13.1,9.3,88.8,1011.0,0.94
2019-03-06,3,-2.2,7.8,4.6,67.4,998.8,0.0
2019-03-07,3,0.1,10.7,7.0,73.5,1019.9,0.0
2019-03-08,3,-0.2,9.4,3.5,87.3,1019.4,1.22
2019-03-09,3,6.1,19.0,12.0,69.8,1016.3,0.0
2019-03-10,3,2.1,8.9,5.7,70.4,1024.3,0.0
2019-03-11,3,-0.5,9.4,4.7,67.6,1009.4,1.85
2019-03-12,3,-6.0,3.7,0.4,66.7,1021.9,0.0
2019-03-13,3,-1.2,11.3,5.6,54.7,1003.0,0.0
2019-03-14,3,-4.0,6.5,0.8,60.9,1011.7,0.0
2019-03-15,3,-5.0,5.7,1.8,63.7,1004.2,0.0
2019-03-16,3,1.7,11.1,7.7,59.3,998.5,0.0
2019-03-17,3,-2.3,7.3,4.0,60.4,1018.4,0.0
2019-03-18,3,-0.8,8.9,4.9,64.6,1013.8,0.0
2019-03-19,3,1.6,10.7,6.4,81.8,1016.2,0.0
2019-03-20,3,1.9,9.6,6.0,70.3,1011.6,0.0
2019-03-21,3,4.3,11.4,8.3,78.8,1023.0,0.0
2019-03-22,3,-2.5,10.6,4.0,80.7,1004.6,4.9
2019-03-23,3,-0.6,9.0,5.1,72.4,1026.4,0.78
2019-03-24,3,4.8,12.5,8.2,75.7,1008.9,3.64
2019-03-25,3,3.9,13.5,10.3,69.3,1013.6,0.0
2019-03-26,3,-5.5,5.9,0.7,69.0,1007.8,0.0
2019-03-27,3,6.6,15.1,10.0,39.8,1010.7,0.95
2019-03-28,3,9.1,20.2,13.5,62.3,998.0,0.0
2019-03-29,3,-1.0,10.2,5.8,63.0,1009.2,0.0
2019-03-30,3,7.7,18.3,13.1,72.5,1021.4,0.0
2019-03-31,3,2.8,11.4,6.2,72.6,1019.0,0.0
2019-04-01,4,2.7,10.2,6.7,43.6,997.7,0.0
2019-04-02,4,2.9,11.3,6.9,60.5,1011.1,0.0
2019-04-03,4,4.7,17.2,10.3,55.9,1018.0,0.0
2019-04-04,4,2.0,11.6,7.6,63.0,1027.8,0.0
2019-04-05,4,3.6,12.0,8.3,64.8,1013.3,0.0
2019-04-06,4,9.4,19.0,12.6,71.0,1010.9,0.0
2019-04-07,4,-1.4,9.1,3.7,71.0,1012.1,0.0
2019-04-08,4,2.8,10.9,7.0,66.1,1018.6,0.0
2019-04-09,4,9.3,19.4,15.4,65.0,1020.5,0.0
2019-04-10,4,6.8,16.0,12.2,65.3,1028.1,0.0
2019-04-11,4,-1.8,8.5,4.7,69.1,1011.5,0.0
2019-04-12,4,2.7,15.0,8.3,78.8,1026.1,0.0
2019-04-13,4,8.4,20.0,14.9,55.2,1019.1,0.0
2019-04-14,4,5.8,15.7,12.0,72.7,1012.1,0.0
2019-04-15,4,5.2,16.7,11.8,66.1,1004.2,0.0
2019-04-16,4,8.0,17.4,13.8,67.5,1012.0,0.0
2019-04-17,4,2.3,11.2,7.6,70.7,1003.5,0.0
2019-04-18,4,9.3,18.5,13.8,54.4,1013.9,0.0
2019-04-19,4,9.2,18.2,13.9,79.3,1003.6,3.84
2019-04-20,4,11.3,20.3,15.8,30.0,1012.4,0.0
2019-04-21,4,5.6,17.0,10.5,70.1,1021.2,1.51
2019-04-22,4,5.6,18.1,11.9,59.9,1006.7,0.0
2019-04-23,4,9.4,19.9,15.8,47.0,1013.9,0.0
2019-04-24,4,8.1,17.7,14.2,66.0,1009.6,0.0
2019-04-25,4,15.2,23.8,19.8,46.9,1004.2,0.0
2019-04-26,4,14.8,24.8,19.0,47.8,1021.8,0.0
2019-04-27,4,5.9,18.9,12.1,68.0,1011.1,0.0
2019-04-28,4,11.1,21.8,17.8,64.6,1015.8,0.8
2019-04-29,4,8.9,17.7,13.2,61.8,1018.5,0.0
2019-04-30,4,10.6,20.9,15.7,62.7,997.0,0.0
2019-05-01,5,7.3,20.1,13.7,57.7,1002.7,0.0
2019-05-02,5,4.3,13.8,8.2,56.1,1012.4,0.0
2019-05-03,5,16.3,26.8,20.6,60.7,1017.0,0.0
2019-05-04,5,7.5,18.0,13.7,49.9,1011.3,0.0
2019-05-05,5,10.1,18.4,15.3,56.4,1009.6,0.0
2019-05-06,5,8.1,18.7,14.0,68.1,1006.4,0.0
2019-05-07,5,8.0,15.9,12.4,68.3,1013.1,0.0
2019-05-08,5,13.1,22.0,16.6,65.5,1027.4,0.0
2019-05-09,5,11.8,23.5,18.4,45.8,1005.0,1.13
2019-05-10,5,15.1,21.8,18.6,47.5,1028.1,0.0
2019-05-11,5,9.6,20.7,14.0,51.7,1008.6,0.0
2019-05-12,5,15.7,24.1,19.6,58.7,1014.4,0.0
2019-05-13,5,14.0,24.7,19.6,37.6,1024.0,0.0
2019-05-14,5,15.9,24.6,19.5,45.5,1016.6,1.31
2019-05-15,5,16.3,26.4,20.3,44.1,1017.0,0.0
2019-05-16,5,11.0,22.3,17.7,48.7,1014.3,0.0
2019-05-17,5,18.1,25.4,21.6,64.6,1016.0,0.0
2019-05-18,5,15.0,23.7,18.6,70.0,1019.6,0.81
2019-05-19,5,18.0,27.8,23.2,63.6,1025.5,0.0
2019-05-20,5,12.7,24.7,19.4,39.1,994.7,0.0
2019-05-21,5,13.0,21.6,17.6,48.9,1010.6,0.0
2019-05-22,5,19.7,26.7,23.5,69.5,1012.1,0.0
2019-05-23,5,17.9,29.3,23.4,63.4,1001.3,0.0
2019-05-24,5,14.5,25.9,21.4,46.9,1003.8,0.0
2019-05-25,5,18.4,24.6,21.5,42.3,1017.2,0.0
2019-05-26,5,17.5,23.8,20.7,58.9,1008.4,0.0
2019-05-27,5,14.9,24.9,20.5,30.0,1013.3,0.0
2019-05-28,5,17.2,26.5,21.2,54.1,1011.9,0.0
2019-05-29,5,15.3,26.0,20.9,49.8,1012.1,0.0
2019-05-30,5,23.7,35.0,29.9,49.2,1022.0,0.0
2019-05-31,5,14.8,27.4,21.1,54.1,1023.2,0.48
2019-06-01,6,12.9,23.4,19.3,32.4,1019.2,0.0
2019-06-02,6,14.5,26.3,21.3,64.7,1022.0,0.0
2019-06-03,6,15.7,23.0,19.1,68.4,1010.8,0.0
2019-06-04,6,14.6,23.9,17.8,69.3,1029.7,0.15
2019-06-05,6,18.4,27.3,23.6,47.2,998.8,0.0
2019-06-06,6,16.0,28.3,22.5,49.3,1024.8,0.5
2019-06-07,6,14.6,26.8,21.1,63.5,1012.3,0.0
2019-06-08,6,18.2,27.8,23.0,52.0,1010.8,0.0
2019-06-09,6,24.8,34.8,28.1,54.7,1020.8,0.0
2019-06-10,6,17.4,26.9,23.8,49.3,1000.2,0.0
2019-06-11,6,18.8,32.1,25.6,45.4,1018.9,0.0
2019-06-12,6,18.1,29.2,23.0,45.7,1011.5,0.0
2019-06-13,6,12.9,23.3,19.1,63.4,1000.7,0.0
2019-06-14,6,24.1,32.9,28.4,46.7,1018.5,0.0
2019-06-15,6,22.3,32.1,25.8,53.7,1010.0,0.0
2019-06-16,6,16.1,27.0,22.5,45.0,1015.6,0.24
2019-06-17,6,17.1,28.9,21.9,41.3,1017.5,0.57
2019-06-18,6,19.2,28.2,24.3,43.0,1025.3,0.0
2019-06-19,6,18.2,27.7,24.3,62.5,1018.0,0.0
2019-06-20,6,26.0,38.2,32.9,54.7,993.1,0.0
2019-06-21,6,17.3,28.3,22.8,53.7,1003.5,0.0
2019-06-22,6,19.3,32.1,25.8,55.0,1014.6,0.0
2019-06-23,6,20.9,28.8,25.5,41.2,1001.9,0.0
2019-06-24,6,18.7,28.1,24.9,42.4,1025.8,0.0
2019-06-25,6,12.1,21.2,16.9,56.2,1014.7,0.0
2019-06-26,6,21.4,30.9,25.7,60.5,1009.7,0.0
2019-06-27,6,13.0,25.3,19.7,51.6,1007.9,0.0
2019-06-28,6,18.3,29.4,22.9,38.3,998.5,0.0
2019-06-29,6,22.8,33.4,28.4,44.1,1009.7,0.0
2019-06-30,6,22.8,32.6,29.5,66.6,1004.5,0.0
2019-07-01,7,24.4,34.3,29.0,46.2,1012.2,0.0
2019-07-02,7,21.7,32.3,26.0,37.2,1011.6,0.3
2019-07-03,7,20.6,31.4,24.7,66.3,1020.2,0.0
2019-07-04,7,22.0,31.1,25.2,54.8,1017.4,0.0
2019-07-05,7,20.2,30.3,26.2,51.5,1008.7,1.8
2019-07-06,7,16.8,26.0,21.5,35.5,1008.1,0.0
2019-07-07,7,20.0,29.9,26.3,46.1,1013.8,0.0
2019-07-08,7,22.4,33.1,27.0,47.6,1005.0,0.0
2019-07-09,7,21.0,29.2,26.1,39.4,1006.3,0.0
2019-07-10,7,17.7,25.0,21.8,54.5,1022.1,0.0
2019-07-11,7,25.2,34.5,28.7,44.8,1008.0,0.0
2019-07-12,7,18.2,30.7,24.5,47.2,1006.2,0.0
2019-07-13,7,21.4,30.0,24.7,65.3,1024.5,0.0
2019-07-14,7,20.9,30.9,24.1,50.4,1021.7,0.0
2019-07-15,7,19.0,30.0,25.7,43.0,1001.3,0.0
2019-07-16,7,21.6,33.6,26.8,55.2,1007.9,0.0
2019-07-17,7,22.1,31.0,26.2,61.8,1005.2,0.0
2019-07-18,7,20.0,28.5,24.2,42.6,1018.4,0.0
2019-07-19,7,21.5,33.6,27.9,57.0,1014.2,0.0
2019-07-20,7,20.7,32.0,27.3,48.4,1024.0,0.0
2019-07-21,7,17.7,26.0,20.7,62.9,1014.0,0.0
2019-07-22,7,25.3,36.0,31.1,53.1,1011.9,0.0
2019-07-23,7,20.9,29.1,24.4,52.4,1000.2,0.0
2019-07-24,7,17.8,24.9,21.7,50.8,1005.3,0.0
2019-07-25,7,15.7,26.4,22.5,33.9,1018.1,0.0
2019-07-26,7,25.7,34.2,30.3,61.8,1015.1,0.0
2019-07-27,7,21.9,32.3,25.6,47.6,1010.9,0.0
2019-07-28,7,19.9,28.7,23.0,73.6,1014.4,0.0
2019-07-29,7,19.0,27.5,23.2,66.2,1014.4,0.0
2019-07-30,7,11.9,20.2,17.1,45.8,1008.2,0.0
2019-07-31,7,18.7,27.9,21.8,47.7,1011.9,0.0
2019-08-01,8,17.8,26.8,22.8,52.6,1011.9,0.0
2019-08-02,8,19.2,28.5,25.5,35.5,1014.1,1.95
2019-08-03,8,19.8,30.1,24.2,53.8,1016.5,0.0
2019-08-04,8,15.0,25.5,19.0,53.8,1018.8,0.0
2019-08-05,8,19.1,30.3,25.6,62.9,1015.9,0.0
2019-08-06,8,12.8,20.7,16.8,69.0,1007.7,0.0
2019-08-07,8,20.7,30.9,25.8,48.6,1022.0,0.0
2019-08-08,8,18.5,30.2,24.3,57.1,1011.9,0.0
2019-08-09,8,23.9,34.8,29.4,45.8,1005.4,1.83
2019-08-10,8,22.1,32.5,27.1,45.5,1008.0,1.14
2019-08-11,8,20.5,29.8,24.8,44.5,1013.9,0.0
2019-08-12,8,18.6,29.0,22.3,60.2,1012.7,0.0
2019-08-13,8,23.7,32.6,28.0,56.2,1006.2,0.0
2019-08-14,8,13.9,23.0,19.1,33.7,1003.1,0.0
2019-08-15,8,16.1,24.3,19.2,65.5,1020.6,0.0
2019-08-16,8,15.2,23.6,20.1,55.3,1004.5,0.0
2019-08-17,8,20.8,28.0,24.8,62.5,994.6,0.0
2019-08-18,8,18.9,27.8,22.4,67.3,1028.9,0.0
2019-08-19,8,19.9,31.0,26.7,58.3,1011.5,0.0
2019-08-20,8,16.1,27.2,22.7,50.0,1014.8,0.0
2019-08-21,8,17.7,26.4,23.2,48.3,1014.9,0.0
2019-08-22,8,17.7,25.0,21.2,69.4,1004.2,0.0
2019-08-23,8,18.8,31.6,25.0,44.4,1021.8,0.0
2019-08-24,8,21.7,31.2,27.2,42.2,1012.4,0.0
2019-08-25,8,14.3,23.4,18.5,54.5,1021.8,0.0
2019-08-26,8,18.5,28.0,23.9,65.7,1005.9,0.0
2019-08-27,8,20.3,30.3,23.4,49.1,1024.0,0.0
2019-08-28,8,14.2,26.1,20.1,55.5,1003.9,0.0
2019-08-29,8,17.7,28.7,22.6,81.4,1017.4,0.0
2019-08-30,8,14.0,25.9,19.1,67.1,1004.6,0.0
2019-08-31,8,17.5,24.5,20.6,40.1,1018.8,0.0
2019-09-01,9,14.6,25.5,19.6,34.4,1020.1,0.0
2019-09-02,9,18.3,28.6,23.9,53.9,1015.1,0.0
2019-09-03,9,18.1,27.9,24.0,62.6,1009.7,0.0
2019-09-04,9,17.8,29.4,23.4,84.1,1016.9,0.0
2019-09-05,9,17.9,29.5,22.8,56.7,1013.1,0.0
2019-09-06,9,14.3,25.7,18.7,64.6,1002.2,0.0
2019-09-07,9,18.1,28.7,22.7,63.8,1016.7,0.0
2019-09-08,9,16.2,27.5,21.4,40.2,994.1,0.0
2019-09-09,9,18.3,30.0,23.0,50.9,1023.0,0.0
2019-09-10,9,18.4,27.0,21.4,75.5,1006.4,4.99
2019-09-11,9,15.2,23.2,18.5,65.9,1020.1,0.95
2019-09-12,9,16.4,24.6,19.8,56.0,1018.8,1.42
2019-09-13,9,18.2,28.2,21.8,69.5,1019.1,0.0
2019-09-14,9,12.9,25.0,19.4,70.6,1005.1,0.0
2019-09-15,9,9.8,20.3,15.7,52.9,1017.3,1.02
2019-09-16,9,9.7,22.1,15.2,50.2,1017.3,0.0
2019-09-17,9,12.4,22.1,18.6,61.4,1016.1,0.0
2019-09-18,9,10.5,20.4,15.7,57.5,1022.4,0.0
2019-09-19,9,15.5,27.6,21.7,72.0,1025.3,0.0
2019-09-20,9,10.9,23.8,17.7,64.9,1021.8,1.26
2019-09-21,9,9.9,20.9,14.1,52.3,1019.3,0.0
2019-09-22,9,13.1,24.1,18.7,61.1,1017.3,0.0
2019-09-23,9,11.1,20.1,17.0,61.0,1023.4,0.0
2019-09-24,9,8.0,20.2,14.1,64.5,1023.5,0.0
2019-09-25,9,11.6,22.1,18.3,69.7,1007.0,0.0
2019-09-26,9,14.3,22.2,18.9,58.5,1016.6,0.0
2019-09-27,9,11.8,21.7,17.2,42.8,996.7,0.0
2019-09-28,9,12.8,21.4,16.3,58.6,1019.6,0.0
2019-09-29,9,4.9,15.7,10.3,70.6,1002.4,0.0
2019-09-30,9,10.5,18.4,15.1,75.1,1012.5,0.0
2019-10-01,10,11.7,21.7,15.6,69.2,1004.9,0.0
2019-10-02,10,6.8,16.8,13.4,48.3,1015.5,0.0
2019-10-03,10,12.9,22.2,16.8,64.7,1010.7,0.0
2019-10-04,10,9.8,19.3,14.4,71.1,995.1,0.0
2019-10-05,10,9.7,21.2,14.7,57.2,1003.8,0.0
2019-10-06,10,9.6,18.6,15.2,59.2,1028.6,0.0
2019-10-07,10,8.5,19.5,14.0,63.3,1004.3,0.0
2019-10-08,10,7.3,16.7,11.0,59.9,1000.0,0.48
2019-10-09,10,4.8,16.7,11.6,43.0,1018.9,0.0
2019-10-10,10,4.9,17.4,11.4,68.7,1002.6,1.66
2019-10-11,10,7.5,19.8,13.4,79.4,1008.4,1.12
2019-10-12,10,2.1,12.3,9.1,71.7,1010.5,0.0
2019-10-13,10,6.6,18.7,12.1,67.8,1024.5,0.0
2019-10-14,10,5.4,17.1,10.4,72.6,1020.2,0.0
2019-10-15,10,9.6,22.4,15.9,67.8,1006.2,0.0
2019-10-16,10,14.1,25.2,19.0,65.5,1012.1,0.0
2019-10-17,10,7.1,18.6,12.0,66.1,1019.6,0.0
2019-10-18,10,7.1,16.8,13.8,86.5,996.8,19.39
2019-10-19,10,-2.0,6.7,3.6,78.7,1012.9,0.81
2019-10-20,10,7.6,16.2,12.0,55.7,1023.6,0.0
2019-10-21,10,10.4,17.9,14.0,46.9,1013.9,0.0
2019-10-22,10,10.1,16.8,13.4,81.1,1013.3,0.0
2019-10-23,10,-1.2,7.2,2.3,80.7,1019.1,0.0
2019-10-24,10,4.1,13.8,10.3,76.4,1007.4,0.39
2019-10-25,10,4.7,13.7,8.1,80.2,1007.7,1.84
2019-10-26,10,2.6,15.7,9.0,62.3,1016.4,0.0
2019-10-27,10,3.8,15.0,9.9,86.3,1018.6,2.95
2019-10-28,10,1.5,12.6,5.8,64.1,1009.1,0.0
2019-10-29,10,0.1,9.6,5.5,88.3,1008.4,10.79
2019-10-30,10,6.1,15.8,11.1,72.9,1005.3,0.0
2019-10-31,10,3.9,12.9,8.7,74.6,1015.2,0.0
2019-11-01,11,5.3,14.5,9.8,75.8,1021.0,0.0
2019-11-02,11,-1.1,9.8,4.1,63.9,1018.2,0.0
2019-11-03,11,9.8,22.1,16.1,64.3,1028.8,0.0
2019-11-04,11,2.0,13.5,7.0,64.1,1016.9,0.0
2019-11-05,11,-3.0,7.6,3.5,88.3,1015.6,2.07
2019-11-06,11,-5.0,8.4,1.9,56.7,1016.7,0.0
2019-11-07,11,0.5,9.6,4.3,77.0,1007.9,3.76
2019-11-08,11,1.8,11.7,5.8,90.7,1013.9,0.91
2019-11-09,11,1.8,8.7,4.8,84.1,1007.3,0.88
2019-11-10,11,-3.7,8.3,2.2,82.5,1010.9,0.0
2019-11-11,11,-0.6,11.5,5.0,57.2,1003.6,0.0
2019-11-12,11,-1.5,10.8,4.0,87.5,1010.0,0.71
2019-11-13,11,3.9,13.9,9.3,55.1,1027.0,0.0
2019-11-14,11,1.9,9.7,5.1,75.1,1017.8,0.0
2019-11-15,11,4.8,12.6,9.5,92.8,1028.0,0.43
2019-11-16,11,-0.4,10.1,6.4,72.1,1021.1,0.0
2019-11-17,11,3.9,13.8,8.8,76.7,1020.8,1.85
2019-11-18,11,1.7,12.3,5.9,79.0,1017.9,0.0
2019-11-19,11,-0.8,9.8,5.7,77.3,1021.8,0.0
2019-11-20,11,1.9,10.3,5.4,62.4,1005.8,0.0
2019-11-21,11,-1.2,10.5,3.6,69.4,1017.6,0.0
2019-11-22,11,-0.2,10.1,5.5,71.6,1024.6,0.0
2019-11-23,11,-1.1,11.2,5.0,64.8,1014.9,0.0
2019-11-24,11,-1.3,7.8,3.6,72.2,1016.1,0.0
2019-11-25,11,-4.3,8.6,2.1,72.3,996.7,0.0
2019-11-26,11,-2.2,8.0,4.0,88.4,1008.1,2.73
2019-11-27,11,0.8,13.0,7.1,67.5,1032.1,0.0
2019-11-28,11,-4.3,6.3,1.3,71.2,1023.9,0.0
2019-11-29,11,-6.0,6.2,0.3,99.4,1011.0,1.01
2019-11-30,11,-8.5,0.9,-2.4,73.1,1021.2,0.0
2019-12-01,12,2.2,11.4,7.1,85.3,1023.9,1.68
2019-12-02,12,-2.4,5.8,1.6,77.6,1009.0,2.39
2019-12-03,12,-7.6,2.1,-2.2,65.9,1002.8,0.0
2019-12-04,12,-2.3,9.1,2.3,74.0,1012.2,0.0
2019-12-05,12,-3.4,7.0,0.4,90.0,990.4,4.42
2019-12-06,12,-4.8,6.3,1.3,52.6,1013.2,0.0
2019-12-07,12,-5.4,3.3,-1.7,94.5,1014.3,2.8
2019-12-08,12,3.8,13.4,7.3,81.3,1011.2,0.0
2019-12-09,12,-4.8,3.4,-1.3,100.0,997.9,12.68
2019-12-10,12,-8.2,3.4,-3.5,90.1,1029.9,0.1
2019-12-11,12,-9.3,1.5,-4.6,79.8,1022.9,0.0
2019-12-12,12,1.3,11.3,4.5,69.9,1007.0,0.0
2019-12-13,12,-4.0,7.5,2.7,57.8,986.8,0.0
2019-12-14,12,-3.4,8.3,2.2,76.9,1013.8,0.0
2019-12-15,12,-5.3,5.3,-0.7,67.2,1007.9,0.6
2019-12-16,12,-3.2,8.3,3.7,87.5,1031.7,6.84
2019-12-17,12,-3.9,2.8,-0.2,88.9,1021.0,4.46
2019-12-18,12,-5.8,2.9,-0.8,96.1,1009.0,1.19
2019-12-19,12,-8.9,1.7,-2.7,75.3,1017.6,0.0
2019-12-20,12,-4.5,6.5,0.8,84.1,1017.4,0.0
2019-12-21,12,-12.7,-1.0,-6.4,69.2,1004.9,0.0
2019-12-22,12,-10.4,1.7,-5.0,88.7,1011.3,1.35
2019-12-23,12,-6.6,3.4,-1.9,95.0,1024.8,0.51
2019-12-24,12,-1.7,7.8,1.4,66.3,1005.5,0.0
2019-12-25,12,-7.2,3.5,-1.9,87.3,1013.0,4.9
2019-12-26,12,-9.3,-0.4,-5.9,93.3,1010.5,0.48
2019-12-27,12,-2.5,8.0,4.0,81.7,1038.0,0.0
2019-12-28,12,-6.9,4.0,-1.5,87.0,1011.7,0.21
2019-12-29,12,-1.9,7.4,1.2,94.2,1026.5,0.66
2019-12-30,12,-12.0,-0.8,-5.1,74.1,1022.5,0.0
2019-12-31,12,-10.5,0.2,-4.9,86.6,1024.3,3.6
2020-01-01,1,-7.0,5.1,-1.6,78.0,1003.4,3.63
2020-01-02,1,-6.7,3.7,-2.5,80.1,1003.8,5.38
2020-01-03,1,-1.8,5.8,1.3,84.2,1010.1,0.74
2020-01-04,1,-5.5,4.1,-0.0,70.1,1021.6,0.0
2020-01-05,1,-7.6,3.8,-0.9,89.3,1022.3,3.39
2020-01-06,1,-7.7,2.5,-2.6,88.8,988.2,7.72
2020-01-07,1,-12.8,-3.0,-6.6,93.2,1019.7,1.17
2020-01-08,1,-5.4,3.6,-2.0,78.5,1010.0,3.17
2020-01-09,1,-9.0,-1.6,-5.6,95.8,1013.6,1.94
2020-01-10,1,-1.8,11.0,5.2,74.5,1028.5,0.0
2020-01-11,1,-4.2,5.5,1.4,77.7,1008.2,1.42
2020-01-12,1,-3.6,6.1,2.6,72.9,1009.9,0.0
2020-01-13,1,-4.2,6.6,0.3,85.2,1016.5,3.5
2020-01-14,1,-7.9,0.5,-3.7,89.5,1007.0,10.39
2020-01-15,1,-7.8,-0.6,-4.2,65.4,1020.9,0.0
2020-01-16,1,-7.3,1.3,-3.5,84.1,1020.3,0.0
2020-01-17,1,-6.6,3.5,-2.3,81.8,1008.4,2.75
2020-01-18,1,-3.6,5.1,0.2,77.9,1012.6,0.0
2020-01-19,1,-5.9,3.3,-0.9,93.3,1008.2,1.22
2020-01-20,1,-4.7,4.8,0.3,96.1,1009.0,7.18
2020-01-21,1,-5.2,5.0,-2.0,91.8,1019.9,2.35
2020-01-22,1,-11.0,-4.0,-7.7,75.8,1005.4,14.68
2020-01-23,1,-3.0,7.5,2.5,100.0,1011.3,2.15
2020-01-24,1,-6.4,3.6,-1.8,59.7,1006.4,0.0
2020-01-25,1,-7.9,4.1,-1.0,88.5,1035.7,0.01
2020-01-26,1,-5.3,0.8,-2.2,91.8,1012.1,0.25
2020-01-27,1,-10.8,-2.8,-6.0,73.5,1000.7,0.0
2020-01-28,1,-4.6,4.0,-0.3,96.6,1008.3,0.75
2020-01-29,1,-8.1,1.1,-4.5,86.8,1007.5,4.52
2020-01-30,1,-9.0,3.1,-3.0,77.1,1006.7,0.95
2020-01-31,1,-4.4,8.1,1.3,68.8,1013.3,0.0
2020-02-01,2,-6.2,4.4,-1.9,77.6,1019.6,0.0
2020-02-02,2,-8.3,2.9,-3.6,90.0,1015.5,0.76
2020-02-03,2,-8.2,1.9,-4.0,92.6,1024.1,1.43
2020-02-04,2,-0.7,7.2,2.9,86.6,1020.6,0.24
2020-02-05,2,-8.2,2.9,-4.0,74.4,1004.9,0.12
2020-02-06,2,-10.5,-0.9,-5.3,99.6,1014.6,0.62
2020-02-07,2,-14.0,-2.7,-8.1,74.5,996.7,0.0
2020-02-08,2,-5.1,2.9,-1.7,71.0,1022.3,0.0
2020-02-09,2,-2.3,7.1,1.1,51.1,1025.9,0.0
2020-02-10,2,-8.6,-0.4,-4.0,88.2,1020.8,1.76
2020-02-11,2,-4.8,3.4,-0.6,85.8,1009.9,4.13
2020-02-12,2,-9.1,0.8,-3.3,74.2,1019.0,0.0
2020-02-13,2,-1.8,5.0,1.8,77.7,1005.8,12.05
2020-02-14,2,-5.6,3.1,-1.1,67.0,1018.2,0.0
2020-02-15,2,0.2,9.7,5.0,62.6,1016.4,0.0
2020-02-16,2,-11.2,-2.9,-7.8,82.5,1015.6,1.49
2020-02-17,2,-4.7,3.4,0.3,89.2,1008.2,8.52
2020-02-18,2,1.9,13.3,6.4,92.6,1008.8,2.07
2020-02-19,2,-1.4,10.0,3.0,70.6,1015.8,0.0
2020-02-20,2,-7.6,0.2,-4.4,74.9,1014.1,1.27
2020-02-21,2,1.2,9.9,5.3,78.5,1019.0,0.0
2020-02-22,2,-9.1,0.6,-3.7,75.7,1009.0,1.25
2020-02-23,2,0.7,8.9,5.6,74.0,1003.2,0.0
2020-02-24,2,-0.7,9.8,3.1,78.8,1012.3,0.0
2020-02-25,2,-0.4,7.8,2.7,96.0,1012.4,3.23
2020-02-26,2,1.9,10.9,6.4,51.7,1006.7,0.0
2020-02-27,2,3.8,10.3,7.2,65.4,1014.4,0.0
2020-02-28,2,-4.7,6.7,1.9,74.6,1004.4,0.0
2020-02-29,2,-1.3,10.0,3.7,61.0,1004.5,1.1
2020-03-01,3,-5.2,6.0,-0.3,64.1,1021.7,0.0
2020-03-02,3,0.1,10.8,6.7,58.9,1016.5,0.0
2020-03-03,3,-2.5,8.7,2.4,61.9,1002.7,0.0
2020-03-04,3,-2.4,10.8,4.0,61.0,1012.8,0.0
2020-03-05,3,-4.9,4.3,1.0,58.1,1021.1,0.0
2020-03-06,3,0.4,12.8,6.4,77.9,1005.6,8.48
2020-03-07,3,0.2,11.3,6.3,87.3,1011.0,1.23
2020-03-08,3,-1.8,6.3,1.6,66.4,1012.1,0.0
2020-03-09,3,0.5,10.9,5.4,76.9,1024.7,0.0
2020-03-10,3,-0.4,9.8,3.7,72.2,1008.6,1.46
2020-03-11,3,-5.4,5.7,1.1,57.1,1013.5,0.0
2020-03-12,3,-3.5,5.3,1.4,70.7,1029.2,0.0
2020-03-13,3,-1.4,8.5,2.0,76.3,1014.0,0.0
2020-03-14,3,-0.9,10.7,4.2,57.2,1024.2,0.0
2020-03-15,3,-0.8,11.3,4.4,37.8,1004.1,0.0
2020-03-16,3,0.6,10.2,5.6,72.9,1010.5,0.0
2020-03-17,3,-0.8,8.7,4.0,76.0,1027.9,0.0
2020-03-18,3,5.9,15.5,10.4,64.0,1007.6,0.0
2020-03-19,3,6.7,17.7,11.5,60.4,1018.7,0.0
2020-03-20,3,3.3,12.6,6.7,92.7,1006.5,0.04
2020-03-21,3,2.9,11.0,7.9,54.9,1016.7,0.0
2020-03-22,3,3.9,11.4,7.6,73.0,1016.6,0.0
2020-03-23,3,-4.5,5.5,2.4,69.3,1018.2,0.0
2020-03-24,3,1.4,11.2,6.7,51.4,1014.8,0.0
2020-03-25,3,1.4,12.5,8.3,71.5,1013.1,0.0
2020-03-26,3,-0.9,9.0,5.9,65.2,1011.5,0.0
2020-03-27,3,2.7,12.1,7.7,70.8,1005.9,0.95
2020-03-28,3,4.0,13.2,7.0,49.4,1015.9,0.0
2020-03-29,3,2.2,12.0,6.8,76.9,1026.9,0.0
2020-03-30,3,4.7,14.0,9.4,47.4,1023.4,1.6
2020-03-31,3,2.5,15.0,8.4,71.9,1027.9,0.0
2020-04-01,4,5.3,15.7,10.0,50.5,997.0,0.0
2020-04-02,4,-1.6,11.1,4.2,74.2,1011.0,0.0
2020-04-03,4,3.1,13.6,8.2,52.4,1018.3,0.0
2020-04-04,4,3.5,13.7,7.9,77.1,1015.0,0.0
2020-04-05,4,0.7,13.1,6.5,53.6,1018.5,0.0
2020-04-06,4,4.9,16.5,11.4,53.8,1018.9,0.0
2020-04-07,4,4.6,15.5,10.5,75.5,1006.5,6.63
2020-04-08,4,0.8,10.4,7.3,77.5,1006.0,12.71
2020-04-09,4,6.8,15.6,12.1,57.7,1016.8,0.0
2020-04-10,4,8.5,17.7,13.4,64.2,1021.3,1.66
2020-04-11,4,7.9,17.2,12.0,61.6,1021.6,0.0
2020-04-12,4,6.7,15.5,11.7,65.3,1009.2,0.0
2020-04-13,4,6.3,14.0,10.5,58.7,1011.5,0.0
2020-04-14,4,5.9,18.1,12.3,53.5,1023.6,0.0
2020-04-15,4,6.3,17.6,13.1,63.6,991.9,0.0
2020-04-16,4,7.4,18.6,12.9,59.6,1001.1,0.0
2020-04-17,4,4.5,14.1,10.5,49.1,1015.6,0.0
2020-04-18,4,7.2,18.9,14.1,46.4,1012.0,1.89
2020-04-19,4,2.0,10.1,6.7,54.7,1010.4,0.0
2020-04-20,4,7.3,16.6,12.1,62.9,1005.5,0.92
2020-04-21,4,1.9,10.2,6.5,67.3,1004.7,0.0
2020-04-22,4,5.8,16.7,11.9,62.5,1004.8,1.68
2020-04-23,4,7.9,18.5,13.0,53.3,993.2,0.0
2020-04-24,4,10.0,18.6,13.4,48.5,1016.3,0.0
2020-04-25,4,11.9,22.1,17.4,47.0,1005.9,0.0
2020-04-26,4,9.4,17.9,14.3,50.3,999.7,0.0
2020-04-27,4,9.9,21.1,15.3,84.6,1008.4,3.25
2020-04-28,4,7.3,17.9,11.2,60.2,1011.8,0.0
2020-04-29,4,13.8,22.4,17.7,67.9,1021.9,0.0
2020-04-30,4,13.1,24.0,19.5,41.4,1011.4,0.0
2020-05-01,5,13.5,24.6,18.6,67.4,1010.2,0.0
2020-05-02,5,12.8,20.7,16.1,56.4,1019.4,0.0
2020-05-03,5,8.9,19.1,12.2,47.4,1010.5,0.0
2020-05-04,5,12.7,23.0,19.4,60.2,998.4,0.0
2020-05-05,5,12.5,21.1,16.1,42.7,1006.1,0.0
2020-05-06,5,12.4,23.4,16.4,40.8,1017.3,0.0
2020-05-07,5,12.7,22.1,16.4,76.8,1012.2,1.19
2020-05-08,5,11.7,23.3,16.8,62.5,1009.9,0.0
2020-05-09,5,7.5,16.8,13.6,48.1,998.7,0.0
2020-05-10,5,11.1,20.3,15.2,55.7,1002.4,0.0
2020-05-11,5,14.4,24.6,20.0,60.7,1020.1,0.0
2020-05-12,5,11.7,21.3,17.4,61.0,1005.2,0.0
2020-05-13,5,10.9,20.6,14.8,67.2,1018.2,0.0
2020-05-14,5,7.7,20.1,14.1,43.6,1004.2,0.0
2020-05-15,5,15.2,24.2,20.0,59.2,1015.1,0.0
2020-05-16,5,6.7,20.1,13.7,57.8,1011.8,0.0
2020-05-17,5,14.1,25.9,20.2,48.1,1019.3,0.0
2020-05-18,5,14.6,23.1,19.7,53.3,1020.5,0.0
2020-05-19,5,20.5,29.0,24.3,60.3,1020.7,0.0
2020-05-20,5,18.4,28.4,22.7,80.9,1020.1,0.0
2020-05-21,5,15.7,23.2,19.5,44.4,1025.6,0.0
2020-05-22,5,13.3,25.3,19.5,35.7,1001.2,0.0
2020-05-23,5,19.8,27.3,23.3,49.6,1019.4,0.0
2020-05-24,5,18.3,25.9,22.6,57.8,1001.8,0.0
2020-05-25,5,21.2,31.2,25.1,53.9,1006.3,0.0
2020-05-26,5,18.1,27.7,23.0,45.6,1010.6,0.0
2020-05-27,5,14.1,24.1,19.8,58.4,1010.8,0.0
2020-05-28,5,17.6,29.9,24.2,33.5,1004.6,0.0
2020-05-29,5,16.9,26.8,22.2,63.3,1003.7,0.0
2020-05-30,5,16.4,25.9,22.7,62.5,1016.6,0.0
2020-05-31,5,20.3,31.5,27.0,46.2,1012.0,0.0
2020-06-01,6,22.9,31.6,25.9,57.2,1018.7,0.0
2020-06-02,6,19.0,31.0,24.9,45.7,1016.8,0.0
2020-06-03,6,19.8,28.2,23.6,42.6,1007.4,0.0
2020-06-04,6,18.4,28.6,22.2,46.3,1024.8,0.0
2020-06-05,6,10.7,19.9,16.7,57.2,1022.9,0.0
2020-06-06,6,20.3,28.2,23.4,36.6,1030.6,0.0
2020-06-07,6,10.8,21.8,17.6,46.6,999.8,0.0
2020-06-08,6,16.4,24.6,21.3,60.7,1011.7,0.0
2020-06-09,6,20.2,31.5,25.2,48.8,1000.9,0.0
2020-06-10,6,19.0,28.3,24.2,44.8,1017.5,0.0
2020-06-11,6,16.6,26.9,22.8,40.6,1007.7,0.0
2020-06-12,6,16.3,28.1,22.4,53.0,1011.7,0.0
2020-06-13,6,15.6,27.8,21.6,48.2,1003.9,0.0
2020-06-14,6,20.0,27.2,24.0,54.7,1008.3,0.0
2020-06-15,6,21.1,28.6,25.5,45.2,1010.4,0.0
2020-06-16,6,20.0,32.9,26.4,32.0,1005.3,0.0
2020-06-17,6,22.2,32.4,26.5,34.1,1019.6,0.0
2020-06-18,6,20.1,27.2,23.8,55.6,1005.9,0.0
2020-06-19,6,19.5,30.1,24.5,50.3,1014.1,0.0
2020-06-20,6,28.5,37.6,34.0,59.5,1007.6,0.0
2020-06-21,6,20.1,28.8,24.1,47.7,1016.1,0.0
2020-06-22,6,22.2,31.2,27.2,32.8,1011.0,0.0
2020-06-23,6,21.1,31.6,27.2,70.4,1025.4,0.0
2020-06-24,6,27.9,37.5,31.9,63.7,1011.7,0.0
2020-06-25,6,14.2,24.6,20.3,51.4,1015.9,0.0
2020-06-26,6,23.1,32.2,26.8,52.3,1007.4,0.0
2020-06-27,6,25.7,37.8,32.5,39.8,1002.7,0.0
2020-06-28,6,19.8,31.7,26.1,42.0,1007.3,0.0
2020-06-29,6,23.3,31.0,28.0,53.1,1008.8,0.0
2020-06-30,6,19.8,28.8,24.3,56.4,1022.0,0.0
2020-07-01,7,23.4,30.4,26.5,52.5,1007.5,0.0
2020-07-02,7,19.3,30.0,24.9,33.4,1019.9,0.0
2020-07-03,7,19.9,27.7,23.0,43.0,1001.3,0.18
2020-07-04,7,24.1,33.3,29.8,44.6,1001.6,0.0
2020-07-05,7,26.1,33.0,29.3,30.0,1005.6,0.0
2020-07-06,7,15.9,28.7,22.8,41.4,1019.1,0.0
2020-07-07,7,20.9,31.3,24.5,65.4,1005.3,0.0
2020-07-08,7,19.9,28.7,24.0,63.8,1016.6,0.0
2020-07-09,7,21.5,31.5,27.2,48.2,1012.6,0.0
2020-07-10,7,22.4,31.0,26.7,55.0,1028.9,0.0
2020-07-11,7,23.7,33.4,27.4,68.3,1016.0,1.35
2020-07-12,7,12.1,25.4,19.0,53.6,1005.4,0.0
2020-07-13,7,18.1,27.8,22.9,72.8,1021.7,0.0
2020-07-14,7,18.3,28.3,24.5,59.1,1012.8,0.0
2020-07-15,7,21.7,34.5,28.2,46.6,993.8,0.0
2020-07-16,7,19.1,28.7,23.7,56.1,1000.8,0.0
2020-07-17,7,22.6,32.8,29.0,46.5,1009.1,0.0
2020-07-18,7,16.6,29.7,23.0,62.2,1021.3,0.0
2020-07-19,7,15.0,25.6,21.9,51.9,1021.6,0.0
2020-07-20,7,17.2,28.3,23.3,43.2,1015.7,0.0
2020-07-21,7,21.9,30.6,27.3,39.0,1001.9,0.0
2020-07-22,7,14.7,25.0,19.3,60.6,1015.9,0.0
2020-07-23,7,20.1,29.1,25.1,47.5,1021.1,0.0
2020-07-24,7,17.1,27.3,22.9,46.0,1021.1,0.0
2020-07-25,7,24.8,31.6,27.9,62.9,1021.1,0.0
2020-07-26,7,16.8,26.0,21.4,49.2,1035.2,0.0
2020-07-27,7,18.2,29.8,24.6,68.1,1015.5,0.0
2020-07-28,7,23.0,32.5,26.9,61.1,1010.6,0.0
2020-07-29,7,18.2,30.6,24.3,68.0,1022.7,0.0
2020-07-30,7,20.0,32.9,27.0,61.6,1020.8,0.0
2020-07-31,7,19.9,29.3,23.5,59.2,997.7,0.0
2020-08-01,8,18.6,27.2,22.0,45.1,1017.1,0.0
2020-08-02,8,16.3,28.8,22.7,30.0,1011.1,0.0
2020-08-03,8,27.0,34.9,31.1,60.8,1011.7,0.0
2020-08-04,8,20.4,30.6,24.6,48.3,1005.4,0.0
2020-08-05,8,18.7,27.4,22.5,38.7,1011.2,0.0
2020-08-06,8,14.8,25.3,20.2,61.7,1024.3,0.0
2020-08-07,8,17.8,29.5,23.4,67.0,996.1,0.0
2020-08-08,8,14.4,26.8,21.0,40.5,1023.1,0.0
2020-08-09,8,17.4,25.9,21.0,48.2,1000.1,0.0
2020-08-10,8,23.1,33.1,28.4,45.6,1003.3,0.0
2020-08-11,8,20.5,33.0,26.7,60.4,1024.7,0.0
2020-08-12,8,19.1,30.0,23.7,43.4,1013.7,0.0
2020-08-13,8,15.6,26.2,21.2,50.2,1013.4,0.0
2020-08-14,8,21.2,31.7,24.8,49.7,1014.8,0.0
2020-08-15,8,24.0,34.2,27.7,53.3,1019.9,0.0
2020-08-16,8,23.2,30.1,27.1,59.7,1018.1,0.0
2020-08-17,8,14.8,25.8,20.6,44.3,1009.8,0.0
2020-08-18,8,20.5,27.8,23.9,40.3,999.2,0.0
2020-08-19,8,15.9,25.7,21.1,68.3,1015.5,0.0
2020-08-20,8,16.5,28.2,21.8,55.0,1011.5,0.0
2020-08-21,8,21.6,31.7,24.9,49.5,999.4,0.0
2020-08-22,8,13.3,25.4,19.1,57.0,1009.2,0.0
2020-08-23,8,18.9,28.1,23.5,47.2,1013.8,0.0
2020-08-24,8,18.6,30.0,23.3,70.8,1015.8,0.0
2020-08-25,8,17.3,27.0,21.9,63.8,990.6,0.0
2020-08-26,8,15.8,27.2,22.5,68.0,1011.0,0.0
2020-08-27,8,19.3,30.6,24.2,48.5,1009.3,0.0
2020-08-28,8,17.0,26.1,20.0,83.6,1015.6,0.0
2020-08-29,8,20.3,29.1,25.0,52.9,1015.4,0.0
2020-08-30,8,10.8,18.3,13.8,48.4,1020.2,0.0
2020-08-31,8,18.6,28.7,22.5,48.7,1017.9,0.0
2020-09-01,9,15.4,26.1,19.8,60.6,1004.5,0.0
2020-09-02,9,14.0,24.4,17.8,58.2,1013.0,0.0
2020-09-03,9,23.2,34.7,28.1,75.9,1010.7,0.0
2020-09-04,9,16.7,24.9,21.4,68.1,1000.8,0.0
2020-09-05,9,10.5,21.2,16.6,68.3,1014.6,0.0
2020-09-06,9,13.3,20.7,16.4,54.0,1015.2,0.0
2020-09-07,9,5.1,18.4,11.7,50.0,1019.4,0.0
2020-09-08,9,13.2,22.4,16.4,42.0,1015.1,0.0
2020-09-09,9,14.7,24.2,20.7,56.0,1014.9,0.0
2020-09-10,9,17.3,24.4,20.4,48.5,1025.3,0.0
2020-09-11,9,13.8,26.3,20.4,67.4,1017.2,0.0
2020-09-12,9,7.1,19.1,12.4,65.3,1011.4,0.0
2020-09-13,9,9.4,18.1,14.6,56.3,1017.2,0.0
2020-09-14,9,18.6,28.7,24.1,66.2,1028.1,0.0
2020-09-15,9,15.4,27.0,22.3,48.8,1026.4,0.0
2020-09-16,9,13.6,23.8,18.1,63.4,1031.3,0.0
2020-09-17,9,15.2,26.3,19.8,58.6,1012.3,0.0
2020-09-18,9,8.1,18.9,15.0,57.2,994.0,0.0
2020-09-19,9,9.2,20.6,15.1,64.2,1009.6,0.0
2020-09-20,9,13.5,24.0,17.7,54.7,1014.8,0.0
2020-09-21,9,10.8,17.9,14.8,74.5,1013.3,0.0
2020-09-22,9,12.6,20.4,16.1,67.1,1001.2,0.0
2020-09-23,9,10.8,22.1,17.8,89.0,1025.4,0.11
2020-09-24,9,13.0,22.9,19.0,65.3,1019.8,0.0
2020-09-25,9,11.6,19.8,15.0,57.7,1020.7,0.0
2020-09-26,9,6.6,16.3,11.2,62.8,1003.6,0.0
2020-09-27,9,9.4,18.9,15.4,65.8,1021.6,0.0
2020-09-28,9,11.5,19.0,15.7,61.0,1011.0,0.0
2020-09-29,9,9.6,19.6,12.6,72.7,1017.6,0.0
2020-09-30,9,5.2,16.6,12.0,46.9,1023.1,0.97
2020-10-01,10,6.8,18.9,13.6,66.1,1019.5,0.0
2020-10-02,10,10.1,19.1,14.1,61.5,1016.8,0.0
2020-10-03,10,11.1,23.6,17.6,61.7,1010.2,0.92
2020-10-04,10,11.9,22.2,18.6,72.2,1023.9,0.0
2020-10-05,10,7.5,17.9,12.6,70.5,1018.7,1.76
2020-10-06,10,9.7,17.1,13.4,61.1,1008.2,0.0
2020-10-07,10,4.4,13.5,9.3,66.2,1003.8,0.0
2020-10-08,10,6.5,13.0,9.5,54.5,1011.0,0.0
2020-10-09,10,8.2,16.5,11.5,67.5,1002.4,0.0
2020-10-10,10,6.2,14.1,10.4,62.7,1022.0,0.0
2020-10-11,10,11.0,18.1,14.9,82.5,1005.2,4.64
2020-10-12,10,5.4,15.1,11.1,59.0,1002.3,0.92
2020-10-13,10,7.0,13.5,10.2,78.0,989.6,15.52
2020-10-14,10,7.0,19.8,13.1,51.1,1007.3,0.0
2020-10-15,10,11.2,18.2,14.9,73.0,1004.9,0.0
2020-10-16,10,11.5,20.6,14.6,60.3,1004.4,0.0
2020-10-17,10,2.7,11.7,8.3,83.4,1005.9,14.5
2020-10-18,10,7.7,16.5,11.1,60.3,1025.1,0.0
2020-10-19,10,6.4,16.6,12.0,47.3,1027.7,0.0
2020-10-20,10,4.8,13.2,9.9,84.9,1011.5,0.0
2020-10-21,10,6.5,14.5,11.2,69.0,1010.9,0.0
2020-10-22,10,3.7,10.0,6.9,44.7,1002.7,0.0
2020-10-23,10,9.1,15.7,12.5,56.2,1008.8,0.0
2020-10-24,10,2.1,13.2,7.3,59.0,1018.5,0.0
2020-10-25,10,1.2,10.8,6.8,61.5,1012.5,0.0
2020-10-26,10,-0.0,8.3,3.3,70.7,1010.7,0.0
2020-10-27,10,-0.7,8.8,4.2,76.3,1031.5,0.0
2020-10-28,10,4.8,17.1,10.8,58.2,1009.2,0.0
2020-10-29,10,4.3,16.0,9.6,79.7,1017.7,0.0
2020-10-30,10,-0.4,10.0,4.7,75.1,996.9,35.79
2020-10-31,10,1.3,8.6,4.3,89.2,1019.0,0.11
2020-11-01,11,0.6,10.6,4.1,66.1,1025.8,0.0
2020-11-02,11,2.0,13.2,6.3,59.0,1013.6,0.0
2020-11-03,11,-2.6,10.2,4.1,84.4,1008.9,14.55
2020-11-04,11,-3.2,9.6,3.1,80.9,1016.1,0.0
2020-11-05,11,-3.7,5.4,1.4,83.4,1014.1,0.0
2020-11-06,11,1.5,12.1,7.8,73.4,1006.0,0.0
2020-11-07,11,0.3,12.5,7.2,87.9,1000.2,1.5
2020-11-08,11,2.3,11.2,6.5,78.5,1013.6,0.0
2020-11-09,11,2.6,16.1,9.2,90.5,1010.5,0.09
2020-11-10,11,3.7,12.2,9.1,84.0,1012.4,0.0
2020-11-11,11,-0.3,10.6,5.0,77.0,1015.9,0.0
2020-11-12,11,4.4,13.6,7.6,70.5,1026.2,0.0
2020-11-13,11,-0.7,8.0,2.5,83.9,1017.9,0.0
2020-11-14,11,-6.9,2.7,-0.7,69.3,1022.9,0.0
2020-11-15,11,6.9,15.9,10.5,90.1,1011.3,2.81
2020-11-16,11,3.1,13.4,9.7,75.5,1011.4,0.0
2020-11-17,11,-2.6,6.7,0.9,59.3,1025.0,0.0
2020-11-18,11,3.6,11.7,8.7,91.7,1012.9,1.73
2020-11-19,11,2.9,13.3,8.9,75.5,1017.8,0.0
2020-11-20,11,-4.0,4.2,1.0,57.3,1010.8,0.0
2020-11-21,11,-1.2,9.2,5.5,68.3,1012.3,1.81
2020-11-22,11,-0.5,10.1,3.9,73.2,1016.4,0.0
2020-11-23,11,-5.6,7.3,1.0,59.7,1011.1,0.0
2020-11-24,11,-4.2,9.0,2.3,79.3,1014.3,0.0
2020-11-25,11,0.2,9.3,3.9,82.5,1012.1,0.0
2020-11-26,11,-6.2,5.7,0.7,70.2,996.3,0.0
2020-11-27,11,4.2,12.5,9.1,73.4,992.6,0.0
2020-11-28,11,-3.6,7.3,2.3,94.3,1009.9,15.33
2020-11-29,11,0.2,10.7,4.6,74.2,1009.9,0.0
2020-11-30,11,-2.6,5.9,0.4,69.6,1019.6,0.0
2020-12-01,12,-4.5,7.0,0.5,71.9,1007.0,0.0
2020-12-02,12,2.3,10.2,6.8,91.8,1014.6,0.78
2020-12-03,12,-12.7,-0.5,-5.9,67.1,1010.5,0.0
2020-12-04,12,-6.8,1.8,-2.7,79.4,1014.9,0.0
2020-12-05,12,0.4,11.9,5.7,80.0,1018.1,0.0
2020-12-06,12,-3.7,8.6,3.1,73.1,1022.7,0.0
2020-12-07,12,-10.7,-0.6,-4.2,66.3,1023.6,0.0
2020-12-08,12,-0.5,8.6,3.9,66.1,1004.8,0.0
2020-12-09,12,-4.3,4.9,0.6,93.3,1009.5,2.84
2020-12-10,12,-6.4,6.5,0.3,79.7,1011.5,0.0
2020-12-11,12,-3.5,5.3,1.7,80.8,1001.0,5.21
2020-12-12,12,-8.4,-0.2,-3.9,72.2,1015.6,0.0
2020-12-13,12,-2.7,3.9,0.8,80.1,1014.9,0.0
2020-12-14,12,0.8,11.9,4.9,67.9,1018.7,0.0
2020-12-15,12,-3.1,5.9,1.0,84.4,1023.0,0.0
2020-12-16,12,-1.1,7.8,3.7,88.4,1023.3,0.02
2020-12-17,12,-9.9,0.4,-4.8,73.6,1021.3,0.0
2020-12-18,12,-6.1,6.5,0.3,81.5,1021.0,0.0
2020-12-19,12,-8.5,4.0,-1.7,87.1,1014.8,2.84
2020-12-20,12,-4.2,4.6,1.5,73.7,1015.2,0.0
2020-12-21,12,-6.7,2.9,-1.7,90.3,1018.7,1.06
2020-12-22,12,-6.7,3.3,-0.5,84.8,1030.3,0.0
2020-12-23,12,-5.9,4.8,-1.0,86.0,1010.1,0.4
2020-12-24,12,-8.1,0.6,-3.1,78.6,1005.6,9.01
2020-12-25,12,-10.5,2.3,-4.4,81.1,1020.6,1.99
2020-12-26,12,-2.7,6.6,1.2,63.6,997.8,0.0
2020-12-27,12,-7.4,5.1,-1.4,91.4,1025.9,0.64
2020-12-28,12,-2.3,6.1,1.9,78.4,1013.8,0.0
2020-12-29,12,-12.4,-2.6,-7.4,87.2,999.3,10.61
2020-12-30,12,-5.6,5.1,-0.4,67.5,1042.6,0.0
2020-12-31,12,-9.7,-2.0,-5.3,81.3,1016.0,0.0
2021-01-01,1,0.4,10.3,4.6,93.1,995.2,13.07
2021-01-02,1,-5.3,6.0,1.1,59.8,1024.2,0.0
2021-01-03,1,-8.5,3.3,-2.7,75.6,1004.6,3.44
2021-01-04,1,-7.5,2.0,-1.9,66.3,1020.5,0.0
2021-01-05,1,-6.0,6.5,0.2,81.9,1013.3,0.0
2021-01-06,1,-2.8,6.8,3.7,90.9,1015.1,0.39
2021-01-07,1,-11.2,-0.9,-7.4,90.6,995.9,3.49
2021-01-08,1,-8.4,-0.1,-5.2,83.9,1001.3,1.79
2021-01-09,1,-2.2,7.5,1.9,62.2,1016.7,0.0
2021-01-10,1,-8.5,-0.6,-5.5,93.8,997.7,4.1
2021-01-11,1,-8.3,3.1,-2.6,84.5,1014.4,0.0
2021-01-12,1,-8.1,4.3,-1.2,77.3,1005.7,5.93
2021-01-13,1,-5.9,3.5,-1.4,81.9,1007.3,6.36
2021-01-14,1,-1.0,10.0,4.0,75.4,1016.5,0.0
2021-01-15,1,-11.9,-2.0,-5.0,77.6,1006.9,5.57
2021-01-16,1,-8.5,3.6,-3.1,72.8,995.6,0.0
2021-01-17,1,-5.6,5.4,0.5,58.6,1004.4,0.0
2021-01-18,1,-8.3,1.9,-4.2,91.3,999.2,2.64
2021-01-19,1,-4.4,2.0,-1.2,88.0,1016.1,0.01
2021-01-20,1,-8.4,2.4,-3.6,96.2,1023.5,0.62
2021-01-21,1,-3.3,9.6,2.7,80.1,1022.0,0.0
2021-01-22,1,-5.6,3.4,-2.1,66.4,1019.1,1.81
2021-01-23,1,-2.7,9.5,4.0,85.2,1011.7,3.07
2021-01-24,1,-5.2,5.4,-0.4,93.4,1019.5,1.05
2021-01-25,1,-8.5,1.9,-3.0,75.2,1020.4,0.0
2021-01-26,1,-5.4,3.7,-1.5,75.0,1012.9,0.0
2021-01-27,1,-7.5,3.3,-1.5,93.4,1005.1,1.36
2021-01-28,1,-7.8,-0.2,-4.0,79.5,1019.3,0.0
2021-01-29,1,-0.5,7.8,3.6,100.0,1032.2,0.7
2021-01-30,1,-13.7,-2.2,-8.7,65.3,1022.0,0.0
2021-01-31,1,-3.3,7.2,1.1,60.4,1023.9,0.0
2021-02-01,2,-8.0,2.2,-2.8,68.7,1013.4,0.18
2021-02-02,2,-0.2,9.7,5.1,85.0,1010.8,0.0
2021-02-03,2,-7.1,3.0,-1.8,83.0,1014.2,0.0
2021-02-04,2,-9.3,-1.2,-5.8,70.4,1010.3,0.92
2021-02-05,2,-2.4,9.5,3.2,87.9,1012.7,3.11
2021-02-06,2,-4.7,5.6,1.2,66.0,1014.9,0.0
2021-02-07,2,-3.0,6.8,3.1,90.8,1010.7,0.77
2021-02-08,2,0.6,8.0,4.5,61.0,1014.1,0.0
2021-02-09,2,-4.6,3.8,-1.4,78.8,1007.4,12.06
2021-02-10,2,-5.7,2.7,-1.5,75.2,1018.9,0.0
2021-02-11,2,-0.2,8.9,3.5,65.3,1021.8,1.66
2021-02-12,2,-7.9,-0.9,-4.4,91.8,1006.6,9.3
2021-02-13,2,-9.8,2.9,-3.2,69.9,1006.2,0.0
2021-02-14,2,-4.4,7.2,0.5,66.4,1012.4,0.0
2021-02-15,2,-0.4,9.4,3.2,64.2,1017.2,0.0
2021-02-16,2,-1.4,8.7,4.2,64.7,1017.6,0.0
2021-02-17,2,-6.3,2.4,-1.8,74.8,1009.1,0.0
2021-02-18,2,-3.6,3.0,-0.3,72.2,1010.5,0.0
2021-02-19,2,-4.5,7.1,1.1,87.8,1037.3,0.3
2021-02-20,2,-7.1,5.9,-0.5,57.8,1015.1,0.14
2021-02-21,2,-2.8,8.1,3.2,64.3,1017.9,0.11
2021-02-22,2,-5.0,3.1,-1.4,60.7,1025.5,0.0
2021-02-23,2,-5.7,3.5,-1.7,87.8,1006.0,2.67
2021-02-24,2,-4.9,2.2,-1.3,75.8,1014.3,0.0
2021-02-25,2,-3.8,6.6,0.6,68.4,1010.6,0.0
2021-02-26,2,-4.0,7.5,0.7,72.2,1018.5,0.0
2021-02-27,2,4.3,15.0,8.3,78.6,1015.9,0.0
2021-02-28,2,0.2,9.8,4.8,72.3,1012.1,0.0
2021-03-01,3,-0.3,7.4,4.0,79.4,1002.1,19.35
2021-03-02,3,2.2,9.0,5.4,63.4,1018.2,0.0
2021-03-03,3,-1.9,8.6,3.7,63.7,1007.0,0.0
2021-03-04,3,3.1,12.0,6.3,63.3,1003.1,0.0
2021-03-05,3,1.9,9.3,6.0,87.9,1002.4,0.43
2021-03-06,3,-4.1,8.9,2.1,69.5,1020.6,0.0
2021-03-07,3,3.3,13.2,7.6,56.8,1002.3,0.0
2021-03-08,3,-3.8,5.4,0.4,63.3,1001.5,0.0
2021-03-09,3,0.0,10.6,4.4,70.6,1016.2,0.0
2021-03-10,3,6.9,13.7,10.1,63.6,1020.9,0.0
2021-03-11,3,0.1,12.4,6.2,59.9,1015.4,0.0
2021-03-12,3,3.7,13.9,8.2,75.9,1010.3,0.0
2021-03-13,3,0.9,10.1,6.4,76.9,1012.9,0.0
2021-03-14,3,-5.7,4.2,0.0,81.5,1011.6,0.0
2021-03-15,3,2.1,11.5,7.4,79.6,1019.6,0.0
2021-03-16,3,2.8,13.1,6.2,55.0,1026.8,0.0
2021-03-17,3,2.5,13.9,6.9,71.0,1015.4,0.24
2021-03-18,3,-4.6,9.1,2.2,62.3,1016.5,0.0
2021-03-19,3,1.0,9.8,6.0,50.9,1023.2,0.0
2021-03-20,3,4.6,12.9,7.8,77.8,1016.9,0.0
2021-03-21,3,-2.0,5.7,1.4,59.8,1007.3,0.0
2021-03-22,3,1.4,10.9,7.2,61.1,1008.1,0.55
2021-03-23,3,3.3,12.4,7.3,63.3,1013.5,0.0
2021-03-24,3,0.3,10.5,4.1,63.2,1009.3,0.0
2021-03-25,3,0.4,8.6,5.4,60.8,1014.8,0.0
2021-03-26,3,6.6,17.0,11.4,73.9,1005.2,0.0
2021-03-27,3,-0.8,9.6,5.0,67.4,1014.8,0.0
2021-03-28,3,4.6,11.2,8.0,67.1,1002.0,0.0
2021-03-29,3,-0.9,8.4,5.3,71.3,1012.8,0.0
2021-03-30,3,4.7,15.9,10.3,65.2,1018.2,0.0
2021-03-31,3,-1.2,12.1,5.4,51.5,1004.7,0.0
2021-04-01,4,4.3,12.1,8.7,70.9,1021.2,0.0
2021-04-02,4,3.0,13.0,6.0,63.6,1019.3,0.0
2021-04-03,4,4.8,12.7,8.7,66.4,1005.1,1.3
2021-04-04,4,7.6,16.0,11.1,64.9,1021.0,0.0
2021-04-05,4,3.1,12.5,8.0,46.4,1022.4,1.64
2021-04-06,4,2.1,12.5,6.1,48.6,1030.5,1.57
2021-04-07,4,2.8,14.6,9.2,68.3,995.1,0.0
2021-04-08,4,6.5,16.2,12.1,60.7,1008.9,0.0
2021-04-09,4,8.2,19.3,14.1,63.1,1015.2,0.0
2021-04-10,4,7.5,16.4,11.9,67.9,1027.1,0.0
2021-04-11,4,7.6,18.7,12.0,98.1,1003.3,12.79
2021-04-12,4,7.2,16.3,12.7,53.8,1013.9,0.0
2021-04-13,4,5.6,14.8,11.7,56.2,1017.8,0.0
2021-04-14,4,7.7,18.5,12.1,69.2,1009.5,0.0
2021-04-15,4,9.6,23.0,16.4,66.4,1010.4,0.72
2021-04-16,4,15.3,23.6,20.4,54.7,1005.9,0.0
2021-04-17,4,6.7,19.8,12.9,61.0,1004.2,0.0
2021-04-18,4,10.1,17.9,14.5,69.6,1019.9,0.0
2021-04-19,4,7.8,19.3,12.8,58.5,1016.3,0.0
2021-04-20,4,5.1,14.3,8.9,62.2,1013.6,0.0
2021-04-21,4,3.2,16.6,10.1,61.3,1023.9,0.0
2021-04-22,4,8.0,18.9,13.6,54.9,1006.0,0.0
2021-04-23,4,4.4,16.3,11.0,66.7,999.2,0.0
2021-04-24,4,12.8,21.7,17.0,50.1,1012.2,0.0
2021-04-25,4,12.7,21.8,18.3,66.3,1008.6,0.0
2021-04-26,4,11.6,21.6,14.8,56.2,1034.7,0.0
2021-04-27,4,8.3,21.6,14.8,42.2,1029.0,0.0
2021-04-28,4,14.3,24.7,20.5,63.8,1031.5,0.0
2021-04-29,4,6.0,14.2,11.1,66.8,1006.2,0.0
2021-04-30,4,16.8,25.4,20.2,54.1,1019.8,0.0
2021-05-01,5,11.2,21.9,16.9,46.7,1020.1,0.0
2021-05-02,5,14.7,24.6,18.1,44.8,994.8,0.0
2021-05-03,5,10.3,19.4,14.0,58.1,1001.9,0.0
2021-05-04,5,17.0,24.4,21.0,58.2,1030.4,0.0
2021-05-05,5,16.9,25.3,20.3,60.4,1018.9,0.0
2021-05-06,5,11.5,21.8,17.6,54.9,1007.6,0.0
2021-05-07,5,15.6,24.5,20.5,49.9,1010.7,0.0
2021-05-08,5,14.3,24.9,18.9,66.9,1009.7,0.0
2021-05-09,5,7.8,16.7,13.4,61.2,1013.7,0.0
2021-05-10,5,12.8,22.3,18.0,48.4,1022.0,0.0
2021-05-11,5,15.0,24.6,19.8,79.8,1014.2,0.74
2021-05-12,5,10.8,21.5,17.3,44.2,1007.8,0.0
2021-05-13,5,15.6,24.2,20.2,33.1,1011.6,0.0
2021-05-14,5,9.2,20.7,16.1,36.6,1020.9,0.0
2021-05-15,5,13.2,23.8,18.9,73.5,1015.9,0.0
2021-05-16,5,16.5,25.4,20.0,54.5,1007.1,0.0
2021-05-17,5,10.9,22.1,17.4,50.4,1001.0,0.0
2021-05-18,5,13.0,25.4,18.5,51.5,1012.6,0.0
2021-05-19,5,14.3,26.8,21.1,52.1,1026.5,0.0
2021-05-20,5,14.5,25.1,20.5,62.5,1017.7,0.0
2021-05-21,5,16.6,25.9,20.6,46.6,1014.2,0.0
2021-05-22,5,20.5,29.8,24.0,43.9,998.9,0.0
2021-05-23,5,14.4,25.9,19.1,40.4,1016.8,0.0
2021-05-24,5,12.3,22.5,16.9,59.3,1012.7,0.0
2021-05-25,5,17.8,29.0,23.2,39.0,1003.8,0.0
2021-05-26,5,10.9,20.5,16.8,41.5,1003.7,0.0
2021-05-27,5,17.0,28.6,21.6,48.0,1015.9,0.0
2021-05-28,5,11.2,23.4,18.1,42.1,1015.2,0.0
2021-05-29,5,17.9,27.3,21.9,49.3,1018.4,0.0
2021-05-30,5,16.8,26.4,22.4,61.8,1005.4,0.33
2021-05-31,5,15.5,25.2,21.4,61.3,1020.2,0.0
2021-06-01,6,19.1,28.3,22.8,62.9,1015.3,0.0
2021-06-02,6,18.5,29.6,24.1,55.4,1006.8,0.0
2021-06-03,6,14.3,25.9,20.7,50.5,1002.2,0.0
2021-06-04,6,15.1,24.7,20.5,45.4,1003.4,0.0
2021-06-05,6,15.0,26.8,21.4,45.9,1005.2,0.0
2021-06-06,6,12.8,25.0,19.5,35.7,1016.6,0.0
2021-06-07,6,15.3,25.6,21.5,80.6,1024.4,0.0
2021-06-08,6,10.1,19.9,15.3,64.1,1019.3,0.0
2021-06-09,6,17.5,30.1,24.4,48.3,1015.3,0.0
2021-06-10,6,17.0,27.6,22.4,41.3,1029.3,0.0
2021-06-11,6,13.0,26.1,20.0,38.4,1007.2,0.0
2021-06-12,6,17.2,25.3,21.2,35.8,997.1,0.0
2021-06-13,6,17.8,26.5,22.5,58.9,1007.7,0.0
2021-06-14,6,17.1,26.6,21.9,37.2,1006.8,0.0
2021-06-15,6,24.0,33.0,28.9,32.1,1009.1,0.0
2021-06-16,6,15.5,28.5,22.5,50.9,1017.8,0.0
2021-06-17,6,18.2,25.9,22.3,42.1,1019.3,0.0
2021-06-18,6,14.0,27.1,20.6,54.5,1004.9,0.65
2021-06-19,6,21.3,29.8,26.6,51.7,1010.4,0.0
2021-06-20,6,20.4,29.4,24.8,46.0,1020.7,0.74
2021-06-21,6,27.0,35.7,30.5,39.1,1016.3,0.0
2021-06-22,6,23.7,32.1,29.0,47.2,1017.5,0.0
2021-06-23,6,20.3,30.4,23.8,47.1,1016.5,0.0
2021-06-24,6,23.2,32.1,26.7,39.1,1004.3,0.0
2021-06-25,6,19.5,31.6,25.4,48.7,1016.4,0.57
2021-06-26,6,22.3,34.4,28.9,78.5,1013.5,0.0
2021-06-27,6,22.1,31.5,26.6,42.0,1024.3,0.0
2021-06-28,6,21.3,32.8,28.1,50.1,1006.3,0.0
2021-06-29,6,21.9,30.7,26.8,38.2,1012.4,0.0
2021-06-30,6,25.0,32.6,29.1,54.6,1009.6,0.0
2021-07-01,7,24.5,34.1,27.6,47.3,1007.0,0.0
2021-07-02,7,19.2,28.9,25.6,38.2,1026.0,0.0
2021-07-03,7,25.1,36.7,30.7,52.3,1025.0,1.9
2021-07-04,7,14.7,26.0,20.8,43.3,1010.8,0.0
2021-07-05,7,21.3,32.1,26.4,32.3,1015.7,0.0
2021-07-06,7,18.2,29.2,23.1,58.1,1021.0,0.0
2021-07-07,7,19.8,26.9,23.1,49.8,1023.3,0.0
2021-07-08,7,22.4,29.9,25.6,41.5,1020.7,0.0
2021-07-09,7,20.3,28.9,25.7,49.3,1015.0,0.0
2021-07-10,7,24.1,32.2,29.0,44.9,1021.8,1.11
2021-07-11,7,21.6,30.9,25.5,59.0,1006.5,0.0
2021-07-12,7,20.7,29.7,25.4,37.4,1006.6,0.0
2021-07-13,7,15.4,24.2,21.2,59.0,1011.1,0.0
2021-07-14,7,19.7,25.9,22.7,37.2,1001.8,0.0
2021-07-15,7,19.1,30.6,25.5,46.7,989.0,0.0
2021-07-16,7,15.7,22.8,19.3,59.2,1017.2,0.0
2021-07-17,7,28.9,37.3,32.4,39.6,1022.4,0.0
2021-07-18,7,21.6,32.6,26.0,58.8,1002.1,0.0
2021-07-19,7,24.0,35.3,29.7,51.2,1017.9,0.0
2021-07-20,7,20.2,27.1,24.1,48.6,1015.6,1.73
2021-07-21,7,23.9,36.7,30.8,57.5,1011.1,0.0
2021-07-22,7,20.4,30.9,25.0,62.9,1017.3,0.0
2021-07-23,7,14.6,25.9,19.9,35.2,1007.3,0.0
2021-07-24,7,22.3,33.8,27.0,53.9,1004.4,0.0
2021-07-25,7,18.8,28.2,23.7,60.1,1004.5,0.0
2021-07-26,7,22.8,35.1,29.2,54.8,1002.6,0.0
2021-07-27,7,23.3,33.3,28.6,48.6,1010.0,0.0
2021-07-28,7,18.1,29.0,24.3,63.8,1007.8,0.0
2021-07-29,7,25.0,32.2,28.6,41.7,1017.6,1.72
2021-07-30,7,22.8,36.3,29.6,41.9,1007.4,0.0
2021-07-31,7,14.9,26.9,21.3,38.4,1016.1,0.0
2021-08-01,8,25.6,34.3,30.9,53.6,1031.8,0.0
2021-08-02,8,15.2,25.3,21.1,63.0,1011.3,0.0
2021-08-03,8,24.6,33.7,30.3,49.8,1005.4,0.0
2021-08-04,8,19.9,30.0,25.5,55.4,1011.4,0.0
2021-08-05,8,17.1,27.6,23.3,58.1,1017.5,0.0
2021-08-06,8,14.8,23.6,18.8,30.0,1019.4,0.0
2021-08-07,8,20.0,29.8,23.2,48.0,1007.3,0.0
2021-08-08,8,24.3,34.5,28.3,45.6,1012.0,0.0
2021-08-09,8,19.4,29.6,23.2,66.8,1023.5,0.0
2021-08-10,8,18.9,28.6,24.6,53.7,1011.0,0.0
2021-08-11,8,19.7,30.9,26.5,59.4,1005.5,0.0
2021-08-12,8,18.1,29.2,23.9,57.9,999.0,0.0
2021-08-13,8,25.1,34.7,29.9,46.6,1012.7,0.0
2021-08-14,8,21.2,29.8,26.4,44.4,1023.3,0.0
2021-08-15,8,19.7,27.3,24.1,48.8,1012.9,0.0
2021-08-16,8,22.2,31.8,27.7,62.2,999.8,0.0
2021-08-17,8,16.8,27.7,23.3,57.3,1024.1,0.0
2021-08-18,8,17.0,28.5,23.5,50.3,1013.6,0.0
2021-08-19,8,20.6,29.2,24.1,52.9,1011.5,0.0
2021-08-20,8,19.6,28.9,23.3,45.0,1006.8,0.0
2021-08-21,8,15.5,28.1,21.7,60.6,1007.2,1.31
2021-08-22,8,21.7,29.7,25.6,64.5,1014.3,0.0
2021-08-23,8,13.6,25.6,19.1,50.8,1022.2,0.0
2021-08-24,8,21.2,30.7,27.2,39.5,1016.6,0.0
2021-08-25,8,17.5,28.9,22.4,61.1,1017.1,0.0
2021-08-26,8,22.2,31.0,26.2,56.1,1019.3,0.0
2021-08-27,8,17.4,26.6,20.8,60.8,1020.1,0.0
2021-08-28,8,21.6,32.0,27.1,39.5,1012.4,0.0
2021-08-29,8,18.2,30.4,24.3,56.1,1013.1,0.0
2021-08-30,8,14.2,24.6,19.7,46.2,1012.3,0.0
2021-08-31,8,17.2,29.1,23.8,55.3,1000.3,0.0
2021-09-01,9,21.5,31.6,26.1,49.6,1020.7,0.0
2021-09-02,9,18.6,28.3,23.3,56.1,1015.9,0.98
2021-09-03,9,15.6,25.5,22.1,44.4,1018.6,0.0
2021-09-04,9,11.5,24.3,17.7,55.7,1015.7,0.0
2021-09-05,9,16.0,23.2,19.1,52.6,1002.8,0.0
2021-09-06,9,13.2,23.3,19.1,45.8,1008.4,0.0
2021-09-07,9,16.6,28.8,22.2,55.8,1012.7,0.0
2021-09-08,9,16.1,25.1,21.0,50.3,1013.7,0.0
2021-09-09,9,15.7,27.7,22.3,66.0,995.0,1.15
2021-09-10,9,12.6,21.8,18.4,69.6,1024.1,0.0
2021-09-11,9,14.8,22.6,19.4,77.4,1009.3,10.94
2021-09-12,9,11.1,20.6,14.2,67.8,988.3,0.0
2021-09-13,9,13.9,26.6,19.6,70.2,1030.9,0.0
2021-09-14,9,16.3,29.1,22.2,49.7,1015.6,0.0
2021-09-15,9,9.2,20.7,14.5,49.4,1006.2,0.0
2021-09-16,9,17.1,25.0,20.6,55.7,1020.2,1.13
2021-09-17,9,11.0,19.0,15.6,86.9,1012.0,0.94
2021-09-18,9,14.7,24.2,17.7,67.3,1017.4,0.0
2021-09-19,9,12.6,20.8,17.0,64.4,1023.0,0.0
2021-09-20,9,17.2,26.8,20.8,60.7,1017.7,0.0
2021-09-21,9,9.7,19.2,14.5,78.0,1010.5,0.0
2021-09-22,9,11.9,20.9,16.8,39.8,998.0,0.0
2021-09-23,9,13.7,25.8,19.0,67.8,1004.4,0.0
2021-09-24,9,9.7,18.5,13.8,58.2,1025.8,0.0
2021-09-25,9,7.1,20.3,14.1,77.6,1021.9,0.0
2021-09-26,9,11.8,19.6,15.3,58.5,997.4,1.17
2021-09-27,9,11.1,23.1,16.1,39.9,1014.2,0.0
2021-09-28,9,10.7,17.4,13.8,65.0,1008.4,0.0
2021-09-29,9,14.3,23.6,17.5,68.5,1002.4,0.0
2021-09-30,9,10.3,20.4,14.1,57.1,1019.8,0.0
2021-10-01,10,12.7,20.9,16.6,55.5,1023.3,0.0
2021-10-02,10,0.7,9.6,6.3,49.5,1018.5,0.0
2021-10-03,10,11.4,23.0,18.2,68.2,1035.2,0.0
2021-10-04,10,8.3,18.0,13.2,54.6,1001.3,0.0
2021-10-05,10,12.5,22.6,16.4,99.2,1012.8,3.1
2021-10-06,10,7.7,17.3,12.0,87.0,1013.9,1.16
2021-10-07,10,11.6,18.9,15.2,63.0,1006.9,0.0
2021-10-08,10,11.3,21.0,16.3,69.1,1007.2,0.0
2021-10-09,10,4.1,14.6,9.7,60.7,1009.5,0.0
2021-10-10,10,5.6,17.0,10.5,76.2,996.9,4.63
2021-10-11,10,8.5,19.0,13.5,72.6,1015.8,0.0
2021-10-12,10,11.9,22.2,15.5,79.6,1025.5,0.0
2021-10-13,10,7.6,14.9,10.9,73.5,1006.7,0.0
2021-10-14,10,10.4,20.8,14.1,67.2,1020.8,0.0
2021-10-15,10,7.5,17.8,13.3,75.5,1003.0,3.98
2021-10-16,10,5.9,19.0,12.0,69.6,1014.2,0.0
2021-10-17,10,7.2,18.3,11.6,83.3,1012.9,1.65
2021-10-18,10,5.9,14.6,10.0,76.4,1007.0,3.42
2021-10-19,10,3.0,13.7,9.0,75.0,1008.8,0.0
2021-10-20,10,4.4,11.8,8.3,68.0,1003.8,0.0
2021-10-21,10,7.3,18.8,12.7,56.6,1026.5,0.0
2021-10-22,10,-1.4,10.0,3.9,71.8,1006.4,0.0
2021-10-23,10,9.1,18.8,13.3,63.3,1002.7,0.0
2021-10-24,10,5.5,13.3,9.9,75.5,1012.3,0.0
2021-10-25,10,8.0,18.3,11.7,69.4,1010.3,0.0
2021-10-26,10,6.5,14.4,10.6,71.2,1013.2,0.0
2021-10-27,10,2.3,14.5,8.0,77.3,1027.2,0.0
2021-10-28,10,3.6,15.8,9.6,79.6,1017.0,0.0
2021-10-29,10,-1.5,10.6,5.5,58.2,1002.8,0.0
2021-10-30,10,1.3,13.3,7.4,76.8,1008.6,5.35
2021-10-31,10,7.9,17.6,12.7,70.8,1031.7,0.0
2021-11-01,11,4.6,15.8,10.4,71.4,1017.4,0.0
2021-11-02,11,1.8,10.3,5.4,54.8,1012.6,1.8
2021-11-03,11,4.8,12.3,9.2,60.4,997.5,0.0
2021-11-04,11,-0.3,10.5,4.3,90.4,1014.8,1.43
2021-11-05,11,0.6,13.6,7.2,85.5,1017.6,2.33
2021-11-06,11,0.9,13.4,6.8,71.6,1016.5,0.0
2021-11-07,11,2.6,13.0,9.2,73.5,999.0,0.0
2021-11-08,11,1.7,11.0,7.4,75.0,1000.4,5.13
2021-11-09,11,6.8,16.3,12.2,78.7,1009.3,1.36
2021-11-10,11,-1.5,8.2,3.9,62.8,995.5,0.0
2021-11-11,11,-2.5,9.9,3.8,75.8,1004.7,6.89
2021-11-12,11,1.7,12.4,8.1,82.3,1013.3,0.0
2021-11-13,11,2.4,12.2,6.3,100.0,1018.4,0.12
2021-11-14,11,1.3,12.7,6.2,96.2,1019.5,0.12
2021-11-15,11,0.6,7.7,4.5,81.7,1017.4,0.0
2021-11-16,11,0.2,12.1,7.2,87.3,1001.2,8.79
2021-11-17,11,-4.3,8.7,2.4,64.6,1006.1,0.0
2021-11-18,11,1.3,8.7,5.2,68.3,1010.8,0.0
2021-11-19,11,-4.5,4.6,1.1,77.2,1002.5,12.95
2021-11-20,11,-2.1,6.7,3.2,79.9,1013.5,1.47
2021-11-21,11,0.8,7.7,4.3,67.6,1007.0,0.0
2021-11-22,11,-5.0,6.7,1.6,66.7,1016.7,0.0
2021-11-23,11,-3.5,8.3,1.6,81.2,1012.7,0.0
2021-11-24,11,-7.4,4.7,-1.5,83.3,1018.4,0.0
2021-11-25,11,-3.1,4.2,0.5,93.1,1022.0,0.86
2021-11-26,11,3.8,15.5,8.6,73.4,995.9,0.0
2021-11-27,11,-5.2,5.9,0.3,69.9,1013.9,0.0
2021-11-28,11,-8.1,3.5,-2.0,93.4,1013.3,4.6
2021-11-29,11,-7.8,2.4,-1.6,56.3,1017.9,0.0
2021-11-30,11,-2.2,5.3,2.2,89.9,1016.4,0.16
2021-12-01,12,-1.7,6.8,1.4,52.1,1010.5,0.0
2021-12-02,12,0.1,7.2,3.4,77.2,1015.4,0.0
2021-12-03,12,-5.6,2.3,-2.5,70.7,1005.6,0.0
2021-12-04,12,-6.7,1.4,-2.4,94.0,1013.4,1.57
2021-12-05,12,-5.7,8.3,1.3,85.4,1014.2,2.35
2021-12-06,12,0.0,10.3,3.7,74.8,1008.1,0.0
2021-12-07,12,-6.6,3.3,-0.4,88.2,1008.1,3.79
2021-12-08,12,-4.1,6.5,2.0,82.0,1015.8,0.0
2021-12-09,12,-2.7,6.7,0.5,71.7,1001.9,0.0
2021-12-10,12,-4.9,4.2,-1.2,74.0,1016.1,0.0
2021-12-11,12,-4.2,3.7,-0.5,72.2,995.8,0.0
2021-12-12,12,-9.7,2.4,-2.9,69.0,1015.3,0.0
2021-12-13,12,-6.9,5.6,-1.0,90.5,1003.0,31.98
2021-12-14,12,-4.7,3.7,0.4,90.3,1001.2,0.54
2021-12-15,12,-2.0,6.3,1.6,71.7,1009.4,0.0
2021-12-16,12,-4.0,4.5,-0.7,68.4,1012.3,0.0
2021-12-17,12,-11.1,-2.5,-5.7,72.8,1005.1,0.0
2021-12-18,12,-3.8,8.2,1.9,100.0,1012.9,0.76
2021-12-19,12,-4.7,6.8,-0.1,81.4,1012.5,0.0
2021-12-20,12,-11.8,0.4,-5.9,67.3,1005.1,1.73
2021-12-21,12,-7.6,2.1,-3.1,74.0,1016.0,0.0
2021-12-22,12,-3.8,7.9,0.9,75.6,1002.4,2.27
2021-12-23,12,-3.9,6.5,2.6,94.0,996.1,0.53
2021-12-24,12,-9.6,-0.2,-4.6,59.1,1011.8,0.0
2021-12-25,12,-6.3,2.5,-2.0,72.3,1015.3,0.0
2021-12-26,12,-3.5,6.4,3.4,74.8,1023.3,0.0
2021-12-27,12,-3.1,10.2,3.7,73.7,1014.8,0.0
2021-12-28,12,-2.4,6.9,2.2,71.1,1014.0,0.0
2021-12-29,12,-5.2,1.9,-2.1,67.8,1008.4,0.0
2021-12-30,12,-2.2,7.5,1.8,76.3,1013.8,0.0
2021-12-31,12,-2.8,9.2,3.1,78.4,1013.6,0.0
2022-01-01,1,-4.6,6.1,0.3,88.3,1004.0,6.3
2022-01-02,1,-8.6,5.1,-1.8,79.2,1007.1,0.6
2022-01-03,1,-8.9,2.0,-3.9,84.9,1006.8,5.24
2022-01-04,1,-11.9,-2.2,-8.1,68.6,1004.7,0.0
2022-01-05,1,-6.9,4.5,-1.3,97.0,1017.9,0.53
2022-01-06,1,-3.3,6.6,1.0,98.5,1006.4,7.41
2022-01-07,1,-11.9,-0.4,-5.0,91.8,1023.6,1.0
2022-01-08,1,-7.3,2.0,-3.7,73.2,1002.7,0.0
2022-01-09,1,-6.5,2.1,-1.4,68.8,1023.4,0.0
2022-01-10,1,-4.1,7.2,1.4,74.0,1012.2,0.95
2022-01-11,1,-10.6,0.7,-5.8,100.0,1017.3,0.03
2022-01-12,1,-9.4,-0.1,-6.3,100.0,1019.1,0.91
2022-01-13,1,-11.1,-0.9,-4.2,84.4,1022.7,0.0
2022-01-14,1,-9.6,-0.6,-5.9,75.3,1002.6,10.84
2022-01-15,1,-6.9,4.0,-0.8,61.6,999.2,0.0
2022-01-16,1,-10.2,1.1,-3.3,77.7,1012.0,0.0
2022-01-17,1,-8.3,0.8,-2.4,63.7,1006.3,0.0
2022-01-18,1,-6.3,3.8,0.4,72.9,1014.0,0.0
2022-01-19,1,-2.6,6.4,1.5,69.6,1020.1,0.0
2022-01-20,1,-3.3,3.4,0.2,95.8,1012.7,2.46
2022-01-21,1,-8.3,1.3,-2.1,83.2,1021.0,0.88
2022-01-22,1,-3.4,5.8,1.4,80.7,1014.2,0.0
2022-01-23,1,-11.6,0.8,-5.9,81.6,1021.6,0.0
2022-01-24,1,-6.8,4.4,0.0,88.9,1006.1,1.75
2022-01-25,1,-3.4,8.9,3.1,84.9,997.1,7.2
2022-01-26,1,-9.0,1.0,-2.9,62.0,1009.0,0.0
2022-01-27,1,-10.5,2.2,-4.0,90.6,1014.1,0.25
2022-01-28,1,-9.4,-0.6,-5.5,77.2,1019.0,0.0
2022-01-29,1,-3.3,6.0,-0.3,73.3,1009.9,0.0
2022-01-30,1,0.8,10.9,6.0,68.7,1008.0,0.0
2022-01-31,1,-8.2,3.2,-2.3,95.9,1005.3,1.23
2022-02-01,2,-11.1,-0.5,-6.1,67.0,1025.6,0.0
2022-02-02,2,-7.3,4.6,-1.3,89.2,1006.2,1.98
2022-02-03,2,-9.6,3.6,-2.7,58.0,1012.3,0.0
2022-02-04,2,-7.0,5.6,-0.5,88.1,1009.2,3.67
2022-02-05,2,-4.7,4.0,-0.1,84.0,1012.3,0.0
2022-02-06,2,-9.0,3.9,-2.5,74.1,1006.6,0.0
2022-02-07,2,-5.1,5.6,-0.2,57.9,1002.8,0.0
2022-02-08,2,-9.3,3.4,-2.7,71.2,1014.3,0.0
2022-02-09,2,-7.1,5.3,-0.5,72.7,1010.8,0.0
2022-02-10,2,-12.0,-0.7,-7.0,71.0,1013.9,0.0
2022-02-11,2,-7.3,4.8,-1.6,69.4,1011.3,0.83
2022-02-12,2,-6.9,2.9,-3.3,71.7,1010.8,0.0
2022-02-13,2,-1.9,7.7,1.7,72.9,1010.7,0.0
2022-02-14,2,-3.1,8.6,3.9,77.0,1009.4,14.15
2022-02-15,2,-4.0,7.8,1.2,68.3,1006.1,0.0
2022-02-16,2,-7.0,5.1,-1.0,62.5,1015.7,0.0
2022-02-17,2,-6.6,1.4,-1.9,62.5,1024.1,0.0
2022-02-18,2,-6.9,4.9,-0.8,67.4,1011.7,0.0
2022-02-19,2,-5.4,5.7,0.1,80.9,1016.0,1.51
2022-02-20,2,-9.9,1.1,-4.6,97.5,1017.0,0.93
2022-02-21,2,-4.5,6.0,1.5,69.9,1007.9,0.0
2022-02-22,2,-2.8,5.7,0.5,75.8,1008.0,0.34
2022-02-23,2,1.9,12.1,6.5,75.4,1019.7,0.0
2022-02-24,2,-3.0,4.9,1.4,83.6,1001.7,16.05
2022-02-25,2,-7.8,5.2,-0.9,85.2,1010.2,0.0
2022-02-26,2,-0.5,10.9,5.4,72.1,1015.8,0.0
2022-02-27,2,-5.2,7.0,0.4,96.5,1005.4,6.82
2022-02-28,2,-4.8,4.8,1.3,66.3,991.9,0.0
2022-03-01,3,-6.0,4.8,-1.1,77.2,1023.9,0.0
2022-03-02,3,-2.3,6.5,2.2,82.4,1017.3,0.0
2022-03-03,3,-3.0,9.4,3.7,64.1,1022.5,0.0
2022-03-04,3,-1.9,8.6,4.2,85.7,1003.1,10.62
2022-03-05,3,0.1,11.1,5.1,70.8,1010.8,0.0
2022-03-06,3,-3.3,6.6,-0.2,61.5,1016.8,0.0
2022-03-07,3,-5.9,4.0,-0.4,82.7,1019.3,0.0
2022-03-08,3,-6.3,6.5,0.3,63.1,1012.7,0.0
2022-03-09,3,0.7,7.8,4.2,66.8,1012.6,0.0
2022-03-10,3,-5.9,6.6,0.8,69.3,1022.0,0.0
2022-03-11,3,3.7,13.5,6.8,67.4,1012.2,0.0
2022-03-12,3,-0.7,10.0,4.1,72.3,1018.3,0.0
2022-03-13,3,-2.5,6.8,1.6,65.3,1021.6,0.0
2022-03-14,3,-0.5,8.8,3.1,65.5,1023.2,0.0
2022-03-15,3,-3.9,8.2,1.5,70.0,1013.5,0.0
2022-03-16,3,-4.0,6.0,1.3,79.8,1006.9,1.56
2022-03-17,3,0.1,7.1,3.6,67.6,1018.8,0.0
2022-03-18,3,3.5,12.4,9.3,86.7,1021.9,0.43
2022-03-19,3,0.8,9.1,4.5,76.4,1009.7,8.68
2022-03-20,3,-4.3,5.3,1.8,46.4,1020.4,0.0
2022-03-21,3,-3.9,7.3,2.3,89.7,1010.9,0.0
2022-03-22,3,-0.1,13.6,6.9,70.6,1021.9,0.0
2022-03-23,3,8.9,16.8,12.2,87.3,1014.2,0.99
2022-03-24,3,7.7,20.0,14.4,78.9,1017.5,0.0
2022-03-25,3,5.6,15.6,10.5,51.7,1007.8,1.65
2022-03-26,3,6.2,16.0,11.4,58.3,1016.7,0.0
2022-03-27,3,-4.6,5.9,-0.7,61.4,1014.2,0.0
2022-03-28,3,6.9,14.3,10.5,62.1,1009.2,0.0
2022-03-29,3,2.4,12.9,9.0,64.2,1010.2,0.0
2022-03-30,3,1.2,9.1,5.6,52.5,1018.6,0.0
2022-03-31,3,5.2,15.1,8.8,85.4,1013.3,6.16
2022-04-01,4,3.2,15.4,8.5,46.6,1023.0,0.0
2022-04-02,4,-3.7,5.2,1.4,71.3,1012.0,0.64
2022-04-03,4,6.7,18.7,12.8,75.1,1012.2,0.0
2022-04-04,4,-0.8,12.5,5.6,69.1,1018.1,0.0
2022-04-05,4,9.3,19.2,13.6,57.9,1038.4,0.0
2022-04-06,4,2.6,12.4,8.6,71.0,1018.2,0.0
2022-04-07,4,4.2,15.3,10.9,50.6,1008.6,0.0
2022-04-08,4,8.6,18.6,12.8,55.8,1008.5,0.0
2022-04-09,4,4.2,14.1,7.8,46.3,1017.9,0.0
2022-04-10,4,6.8,13.4,10.0,61.9,997.8,0.0
2022-04-11,4,7.5,17.2,12.6,70.6,1012.1,0.0
2022-04-12,4,8.9,20.1,15.8,34.1,1012.9,0.0
2022-04-13,4,6.0,15.6,10.9,59.3,1011.9,0.0
2022-04-14,4,12.6,22.6,15.6,66.6,1017.9,0.0
2022-04-15,4,6.6,16.8,13.6,57.7,1017.8,0.0
2022-04-16,4,12.0,21.2,15.2,57.1,1010.0,0.0
2022-04-17,4,7.4,14.5,11.0,46.0,1012.7,0.0
2022-04-18,4,8.3,20.9,14.4,58.1,1023.7,0.0
2022-04-19,4,6.5,15.8,10.9,63.2,1013.2,0.0
2022-04-20,4,6.7,16.9,10.8,62.4,1015.8,0.0
2022-04-21,4,13.9,20.7,17.3,67.2,1014.3,0.0
2022-04-22,4,8.6,19.3,13.9,75.2,1007.7,9.36
2022-04-23,4,8.5,17.6,12.7,60.1,1005.7,0.0
2022-04-24,4,5.8,16.8,12.6,59.6,1019.4,0.0
2022-04-25,4,7.4,17.7,13.4,54.9,1012.4,0.0
2022-04-26,4,8.7,18.1,11.8,46.4,1019.6,0.0
2022-04-27,4,4.8,15.6,10.5,65.3,1011.5,0.0
2022-04-28,4,9.0,19.6,15.9,67.8,1006.4,0.0
2022-04-29,4,10.4,19.1,15.4,58.3,999.3,0.0
2022-04-30,4,3.0,16.8,10.0,62.0,1026.2,0.0
2022-05-01,5,8.4,20.4,13.6,59.8,1017.2,0.0
2022-05-02,5,11.1,18.8,14.9,36.5,1018.3,0.0
2022-05-03,5,12.3,23.1,18.4,48.8,1002.3,0.0
2022-05-04,5,12.6,20.5,15.6,54.4,1021.8,0.0
2022-05-05,5,15.5,25.7,19.3,63.3,1011.3,0.0
2022-05-06,5,11.3,20.7,16.6,62.7,1006.0,0.0
2022-05-07,5,6.0,16.1,11.5,38.9,1023.3,0.0
2022-05-08,5,14.4,22.5,18.2,57.6,1014.4,0.0
2022-05-09,5,10.4,19.1,13.5,49.4,1012.1,0.0
2022-05-10,5,10.4,22.7,16.8,56.2,1011.3,0.0
2022-05-11,5,16.2,24.7,19.7,50.1,1003.0,0.0
2022-05-12,5,14.7,22.7,19.1,59.1,1006.5,0.0
2022-05-13,5,11.4,20.0,16.9,62.9,1017.0,0.0
2022-05-14,5,17.9,26.5,21.5,61.8,1025.1,0.0
2022-05-15,5,15.9,24.2,20.7,60.5,1015.7,0.0
2022-05-16,5,10.7,21.1,17.4,56.5,1024.0,0.0
2022-05-17,5,17.8,25.3,21.3,69.2,1013.5,0.0
2022-05-18,5,14.6,23.5,19.7,50.2,1023.8,0.0
2022-05-19,5,19.2,28.6,22.9,40.1,1027.4,0.0
2022-05-20,5,22.6,31.1,26.0,68.7,1024.6,0.0
2022-05-21,5,14.5,23.9,18.0,53.4,1006.8,0.0
2022-05-22,5,14.6,25.9,19.3,49.6,1021.8,0.0
2022-05-23,5,17.2,25.3,20.3,54.7,1013.0,0.0
2022-05-24,5,16.9,24.2,20.8,56.1,1026.2,0.0
2022-05-25,5,11.9,22.6,18.1,37.9,1003.8,0.0
2022-05-26,5,14.6,27.3,21.1,38.0,1022.9,0.0
2022-05-27,5,14.8,25.4,21.3,60.3,1013.3,1.87
2022-05-28,5,19.8,27.6,23.4,51.3,1014.5,0.0
2022-05-29,5,12.0,22.7,17.5,59.0,1005.5,1.13
2022-05-30,5,16.1,25.7,20.4,53.2,1019.0,0.0
2022-05-31,5,18.2,25.9,21.9,66.8,1005.4,0.0
2022-06-01,6,13.0,25.0,19.1,40.8,1023.4,0.0
2022-06-02,6,20.8,29.8,24.5,67.3,1025.5,0.0
2022-06-03,6,17.4,28.6,23.9,34.6,1024.7,0.4
2022-06-04,6,13.9,22.7,18.1,51.9,1016.6,0.0
2022-06-05,6,13.9,27.0,20.2,51.3,1016.4,0.0
2022-06-06,6,16.9,26.7,20.5,59.7,1009.9,0.0
2022-06-07,6,18.8,28.4,23.9,62.1,1008.8,0.0
2022-06-08,6,18.0,26.4,21.3,55.0,1013.6,0.0
2022-06-09,6,17.8,30.9,24.8,49.9,1008.3,1.39
2022-06-10,6,20.7,28.2,24.8,59.0,1024.4,0.0
2022-06-11,6,17.1,29.8,23.3,63.3,1014.3,0.0
2022-06-12,6,15.5,25.9,22.1,55.1,995.4,0.0
2022-06-13,6,15.2,24.8,19.8,39.0,1027.3,0.0
2022-06-14,6,18.4,28.5,22.6,67.4,1022.3,0.0
2022-06-15,6,21.0,30.9,27.7,53.8,1012.3,1.23
2022-06-16,6,19.6,32.0,25.4,38.2,1005.6,0.0
2022-06-17,6,13.6,23.4,20.1,57.8,1015.9,0.0
2022-06-18,6,19.0,32.2,25.6,73.9,1013.5,1.16
2022-06-19,6,13.7,23.5,20.0,46.8,1014.5,0.0
2022-06-20,6,21.5,32.7,26.8,55.6,1019.0,0.0
2022-06-21,6,21.5,32.9,28.3,50.9,1014.4,0.0
2022-06-22,6,21.5,32.0,27.4,53.9,1024.9,0.0
2022-06-23,6,18.4,27.7,23.5,43.8,1030.4,0.0
2022-06-24,6,17.6,26.1,22.5,64.6,1024.8,0.0
2022-06-25,6,16.3,25.7,21.0,52.3,1009.8,0.0
2022-06-26,6,17.5,29.0,22.2,58.2,1012.0,0.0
2022-06-27,6,23.1,34.3,27.5,56.8,1020.3,0.0
2022-06-28,6,24.3,31.9,28.0,42.7,1001.2,0.0
2022-06-29,6,17.9,29.9,23.2,43.3,1021.5,1.91
2022-06-30,6,18.2,27.8,23.4,44.8,1004.3,0.0
2022-07-01,7,22.6,30.4,25.9,64.3,1009.8,0.0
2022-07-02,7,20.9,32.0,25.2,52.1,1016.2,0.0
2022-07-03,7,23.7,34.7,28.2,42.8,1008.6,0.0
2022-07-04,7,14.6,26.0,21.0,42.2,1016.2,0.0
2022-07-05,7,24.5,36.5,31.4,44.9,1018.7,0.0
2022-07-06,7,18.8,30.0,25.5,46.7,1011.1,0.0
2022-07-07,7,19.4,29.8,23.5,63.6,1011.0,0.0
2022-07-08,7,23.4,34.0,29.1,35.2,1023.9,0.0
2022-07-09,7,16.5,28.9,22.4,56.9,1022.9,1.16
2022-07-10,7,17.7,28.4,24.6,61.1,1017.9,0.0
2022-07-11,7,19.8,31.8,25.3,40.4,1018.3,0.0
2022-07-12,7,17.9,29.5,24.4,46.7,1015.7,0.28
2022-07-13,7,22.1,32.5,25.8,46.8,1012.4,0.0
2022-07-14,7,24.0,35.4,28.6,58.3,1016.7,1.2
2022-07-15,7,20.3,26.4,23.4,57.7,1004.0,0.0
2022-07-16,7,19.4,30.4,25.4,47.8,1023.3,1.83
2022-07-17,7,16.7,28.3,23.7,44.1,1006.0,0.0
2022-07-18,7,17.4,26.9,20.5,44.9,1021.6,0.92
2022-07-19,7,18.2,26.1,21.7,47.9,1009.7,0.0
2022-07-20,7,22.3,31.4,27.9,45.9,1011.2,0.0
2022-07-21,7,16.5,28.4,23.2,62.4,1019.5,0.0
2022-07-22,7,19.0,30.6,25.7,49.6,1007.4,0.0
2022-07-23,7,19.2,28.3,23.5,63.2,1005.7,0.0
2022-07-24,7,13.9,26.6,20.8,59.6,1020.5,0.0
2022-07-25,7,24.0,30.9,27.6,53.9,1031.3,0.0
2022-07-26,7,23.1,31.5,28.0,55.3,1004.6,0.0
2022-07-27,7,18.1,29.6,24.5,45.8,1011.9,0.0
2022-07-28,7,20.4,29.8,26.3,57.4,1006.5,0.0
2022-07-29,7,22.1,32.1,27.0,41.4,1021.2,0.0
2022-07-30,7,15.2,23.9,20.7,52.5,1019.3,0.0
2022-07-31,7,22.3,28.8,25.8,65.5,1012.7,0.0
2022-08-01,8,16.1,25.4,21.5,48.2,1007.0,0.0
2022-08-02,8,22.2,33.6,27.7,53.1,1010.4,0.0
2022-08-03,8,20.6,30.9,24.8,59.1,1014.9,0.0
2022-08-04,8,17.2,29.7,24.0,48.6,1006.3,0.0
2022-08-05,8,20.3,31.5,24.9,54.3,1004.4,0.0
2022-08-06,8,19.4,28.9,25.0,60.7,1015.3,0.0
2022-08-07,8,16.3,29.2,23.3,80.2,1005.1,3.26
2022-08-08,8,23.2,32.9,26.2,55.2,1007.4,0.0
2022-08-09,8,17.2,25.9,20.9,58.6,1008.6,0.0
2022-08-10,8,15.1,25.0,20.5,36.9,1017.4,0.0
2022-08-11,8,17.9,28.2,24.5,40.1,1024.6,0.0
2022-08-12,8,21.6,29.5,24.7,64.1,1008.8,0.0
2022-08-13,8,14.9,26.7,20.4,55.9,1006.0,0.0
2022-08-14,8,11.7,23.0,17.0,44.6,1019.1,0.0
2022-08-15,8,20.1,32.6,25.6,57.9,1014.4,0.0
2022-08-16,8,15.9,23.7,19.4,50.3,1021.1,0.0
2022-08-17,8,18.9,26.9,22.8,56.4,1014.2,0.0
2022-08-18,8,17.3,27.2,22.1,57.8,1024.7,0.0
2022-08-19,8,17.2,30.1,23.3,59.2,1007.7,0.0
2022-08-20,8,19.8,29.5,24.2,47.3,1008.2,0.0
2022-08-21,8,13.6,24.7,19.1,79.1,1012.6,0.0
2022-08-22,8,17.6,28.4,23.7,72.7,1010.8,0.0
2022-08-23,8,21.6,33.6,27.9,49.6,997.7,1.28
2022-08-24,8,17.7,27.0,20.8,56.8,1018.1,0.0
2022-08-25,8,14.9,27.2,20.6,41.1,1009.6,0.0
2022-08-26,8,14.4,25.8,19.5,58.0,1016.6,0.0
2022-08-27,8,11.1,23.3,17.1,63.8,1019.4,0.0
2022-08-28,8,20.3,31.9,27.2,52.6,1022.2,0.0
2022-08-29,8,16.5,26.3,22.2,45.4,1010.9,0.0
2022-08-30,8,16.5,26.8,22.7,66.5,1010.9,0.0
2022-08-31,8,19.9,28.8,23.4,54.1,1018.5,0.0
2022-09-01,9,20.4,29.1,25.8,62.1,1018.9,1.51
2022-09-02,9,16.9,29.3,22.3,74.9,1021.3,0.0
2022-09-03,9,8.1,19.9,14.0,67.8,1013.4,0.0
2022-09-04,9,21.5,32.8,26.0,54.1,1017.1,0.0
2022-09-05,9,16.5,27.0,21.1,52.9,1009.4,0.0
2022-09-06,9,15.1,24.8,20.4,75.4,1013.6,0.0
2022-09-07,9,14.1,24.4,18.0,62.1,1016.5,0.0
2022-09-08,9,12.9,21.9,17.5,59.9,1013.8,0.0
2022-09-09,9,9.1,19.7,14.0,60.7,1002.5,0.0
2022-09-10,9,9.9,19.5,14.0,51.5,1011.6,0.0
2022-09-11,9,14.9,25.3,21.8,71.5,996.6,0.0
2022-09-12,9,16.8,25.5,21.4,58.2,1023.5,0.0
2022-09-13,9,20.1,27.0,23.4,58.6,1007.9,0.0
2022-09-14,9,14.4,25.9,19.8,62.6,1006.3,1.58
2022-09-15,9,10.5,23.1,17.3,76.9,1017.1,0.0
2022-09-16,9,12.9,25.3,19.2,61.5,1009.2,0.0
2022-09-17,9,12.8,24.5,17.6,56.1,1014.5,0.0
2022-09-18,9,20.7,32.8,26.7,73.6,1002.5,0.0
2022-09-19,9,12.4,24.9,18.1,84.0,1017.6,0.52
2022-09-20,9,12.5,24.9,19.0,50.6,1010.3,0.0
2022-09-21,9,11.0,21.7,14.7,55.9,1009.2,0.0
2022-09-22,9,11.8,17.9,14.9,65.1,1016.3,0.0
2022-09-23,9,14.8,24.2,17.8,71.9,1000.5,0.0
2022-09-24,9,11.9,21.6,15.5,78.5,1011.8,0.0
2022-09-25,9,14.4,24.6,17.8,45.3,1009.5,0.0
2022-09-26,9,14.6,22.8,17.8,81.7,1008.5,4.22
2022-09-27,9,10.4,17.1,13.5,75.3,1015.1,0.0
2022-09-28,9,18.6,27.1,22.2,56.8,1010.0,0.0
2022-09-29,9,12.5,23.5,17.0,74.8,1020.4,0.0
2022-09-30,9,9.8,22.2,15.5,74.4,1015.5,0.0
2022-10-01,10,9.5,16.7,13.5,52.0,1012.6,1.25
2022-10-02,10,10.6,22.7,16.5,63.3,1001.1,0.0
2022-10-03,10,8.0,19.1,14.3,73.4,1019.4,0.38
2022-10-04,10,14.2,22.3,18.3,64.2,1028.9,0.0
2022-10-05,10,6.6,16.6,11.3,71.0,1016.4,0.0
2022-10-06,10,5.0,14.3,10.6,66.2,1018.7,0.0
2022-10-07,10,7.5,20.9,14.0,50.6,1020.3,0.0
2022-10-08,10,5.2,16.2,10.0,73.7,1016.6,0.0
2022-10-09,10,4.8,14.1,8.0,56.4,1015.4,0.0
2022-10-10,10,4.7,14.3,9.7,67.2,1009.3,0.0
2022-10-11,10,6.9,16.4,10.6,60.6,1007.1,0.0
2022-10-12,10,2.7,11.5,8.0,64.0,1008.0,0.0
2022-10-13,10,5.9,16.1,12.2,81.1,1012.1,1.12
2022-10-14,10,8.8,15.2,11.8,67.1,1019.0,0.0
2022-10-15,10,5.0,17.8,11.3,76.4,1017.6,0.0
2022-10-16,10,4.1,16.3,10.5,58.3,1012.1,0.0
2022-10-17,10,9.2,21.6,15.7,74.1,1012.0,0.0
2022-10-18,10,2.0,14.7,7.8,79.6,1004.4,7.29
2022-10-19,10,7.0,19.1,12.5,90.8,1003.1,1.4
2022-10-20,10,-0.3,9.3,3.9,78.8,1012.3,0.0
2022-10-21,10,7.7,20.8,14.6,74.5,1022.3,0.0
2022-10-22,10,0.7,9.8,6.2,71.0,1004.0,0.0
2022-10-23,10,1.1,10.9,6.3,69.8,1018.8,0.0
2022-10-24,10,0.3,8.6,4.7,74.4,1016.9,0.0
2022-10-25,10,8.2,18.2,12.6,69.3,1006.0,0.0
2022-10-26,10,10.8,19.6,15.0,88.5,1012.6,3.62
2022-10-27,10,4.0,14.2,10.1,69.6,1019.8,0.0
2022-10-28,10,5.3,15.7,10.0,60.8,1021.1,0.0
2022-10-29,10,2.9,14.4,7.9,83.9,1004.6,15.4
2022-10-30,10,4.0,12.1,8.2,86.4,1001.4,2.95
2022-10-31,10,1.1,13.6,6.9,68.5,1009.8,0.0
2022-11-01,11,1.7,12.4,6.2,70.9,999.9,0.0
2022-11-02,11,1.3,10.0,6.2,75.3,1005.5,4.26
2022-11-03,11,2.0,13.3,6.8,55.7,1011.3,0.0
2022-11-04,11,4.5,11.7,7.7,95.7,1007.9,0.1
2022-11-05,11,-1.7,8.5,4.4,68.2,1014.3,0.0
2022-11-06,11,0.4,10.3,4.6,44.2,1021.9,0.0
2022-11-07,11,-0.2,13.2,6.5,87.5,1012.7,1.28
2022-11-08,11,-0.8,9.6,5.9,69.1,1029.4,0.0
2022-11-09,11,0.7,9.9,5.1,66.8,1022.9,0.0
2022-11-10,11,4.9,15.0,9.7,77.4,1009.5,0.18
2022-11-11,11,0.2,11.5,6.0,62.4,1012.5,0.0
2022-11-12,11,0.9,12.0,5.1,86.6,1003.9,3.64
2022-11-13,11,-1.5,9.6,5.2,75.0,1009.9,17.87
2022-11-14,11,-0.7,9.7,6.0,67.2,1015.5,0.0
2022-11-15,11,-0.6,10.5,4.4,79.7,1009.8,4.5
2022-11-16,11,2.4,12.2,6.3,82.1,1001.6,5.17
2022-11-17,11,5.3,13.7,9.5,60.6,1014.3,0.0
2022-11-18,11,1.4,11.9,8.3,70.2,1004.3,0.0
2022-11-19,11,-3.3,6.7,2.8,66.2,1024.8,0.0
2022-11-20,11,-3.7,5.4,0.3,65.8,1002.1,0.0
2022-11-21,11,-0.7,10.8,4.6,75.8,998.5,6.84
2022-11-22,11,-5.3,4.2,1.1,68.2,1011.4,0.0
2022-11-23,11,-3.4,6.0,2.1,80.9,1008.5,14.87
2022-11-24,11,-5.1,3.7,0.5,69.8,1016.6,0.0
2022-11-25,11,-6.0,6.8,0.8,75.8,1013.0,0.0
2022-11-26,11,-4.7,4.1,-0.5,79.5,1015.8,0.0
2022-11-27,11,0.5,11.5,5.0,81.5,1021.0,0.0
2022-11-28,11,-4.0,5.8,-0.1,92.0,1015.8,3.27
2022-11-29,11,0.9,11.8,5.5,64.2,1007.3,0.0
2022-11-30,11,-2.5,4.7,1.7,75.0,1015.0,0.0
2022-12-01,12,-6.8,4.3,0.1,99.1,1012.2,0.24
2022-12-02,12,0.7,8.4,4.3,69.8,1011.6,0.0
2022-12-03,12,-1.6,10.4,4.1,89.7,1013.1,0.1
2022-12-04,12,2.1,11.0,7.8,58.0,1003.8,0.0
2022-12-05,12,-3.0,6.5,1.6,92.1,1016.6,0.46
2022-12-06,12,-3.8,4.7,0.8,87.1,1013.3,1.4
2022-12-07,12,-4.5,3.6,-0.8,75.7,1015.8,0.0
2022-12-08,12,-9.8,-0.9,-4.4,90.2,1024.1,1.56
2022-12-09,12,-13.2,-2.6,-7.8,86.3,1010.3,1.72
2022-12-10,12,-3.0,8.3,2.5,89.2,1005.1,4.62
2022-12-11,12,-8.8,1.8,-3.9,70.0,1004.9,0.0
2022-12-12,12,-7.9,1.6,-2.8,98.8,1014.3,1.75
2022-12-13,12,-6.0,1.1,-2.2,92.1,1011.3,2.01
2022-12-14,12,-1.3,10.8,4.0,77.1,1021.4,0.0
2022-12-15,12,-2.9,7.8,1.5,81.3,1012.7,0.0
2022-12-16,12,-4.4,7.7,1.3,91.6,1017.1,6.66
2022-12-17,12,-6.0,1.6,-1.6,76.3,1023.2,0.0
2022-12-18,12,1.0,10.9,4.2,95.3,1015.7,0.1
2022-12-19,12,-3.9,8.7,2.9,67.1,1004.7,0.0
2022-12-20,12,-5.0,6.2,-0.3,53.1,1013.1,0.0
2022-12-21,12,-10.9,2.0,-4.7,74.6,1023.1,0.0
2022-12-22,12,-10.5,-1.3,-5.0,76.2,1011.9,0.0
2022-12-23,12,-4.5,6.8,0.6,83.5,1005.3,18.99
2022-12-24,12,-1.3,5.7,2.1,74.1,1021.0,0.0
2022-12-25,12,-2.3,6.3,3.3,61.6,1010.5,1.65
2022-12-26,12,-6.3,2.7,-2.2,75.0,1027.9,0.0
2022-12-27,12,-4.3,6.4,-0.1,89.1,1031.9,0.05
2022-12-28,12,-12.8,-0.6,-6.2,67.6,998.2,0.0
2022-12-29,12,0.3,11.8,5.0,76.9,1013.9,0.0
2022-12-30,12,-6.1,1.6,-2.0,93.5,1016.3,1.25
2022-12-31,12,-5.9,2.6,-1.4,73.7,1008.8,0.0
2023-01-01,1,-7.0,1.9,-2.4,74.5,1014.8,0.0
2023-01-02,1,-6.9,4.9,-1.5,82.9,1005.4,1.47
2023-01-03,1,-8.8,3.4,-2.2,86.2,1017.7,3.21
2023-01-04,1,-12.6,-2.4,-6.7,81.4,1009.7,3.33
2023-01-05,1,-5.8,3.4,-2.6,64.1,1021.8,0.0
2023-01-06,1,-8.4,3.3,-3.4,81.2,999.7,4.7
2023-01-07,1,-8.8,-0.4,-4.5,90.6,1011.8,4.96
2023-01-08,1,-5.7,5.7,-0.6,88.1,1012.1,0.03
2023-01-09,1,-10.9,-2.3,-5.9,92.1,1013.9,0.1
2023-01-10,1,-11.4,2.1,-4.6,63.8,1013.2,0.6
2023-01-11,1,-5.8,4.6,-1.2,82.2,1004.7,9.56
2023-01-12,1,-14.8,-1.3,-8.1,69.0,1009.7,0.0
2023-01-13,1,-5.5,2.2,-1.7,74.3,1017.3,0.0
2023-01-14,1,-13.2,-0.4,-6.4,100.0,1028.3,0.45
2023-01-15,1,-8.8,1.6,-3.6,71.1,1011.3,0.0
2023-01-16,1,-10.9,0.9,-4.6,84.9,1013.6,0.0
2023-01-17,1,-5.5,4.0,-1.3,74.1,1014.8,0.0
2023-01-18,1,-3.7,5.3,1.4,68.2,1026.3,0.0
2023-01-19,1,-5.8,1.6,-2.2,79.0,1015.9,0.0
2023-01-20,1,-15.3,-2.3,-8.6,88.2,1010.6,0.79
2023-01-21,1,-7.6,4.0,-0.6,71.6,996.6,0.0
2023-01-22,1,-4.4,5.8,-0.5,80.7,1014.5,0.0
2023-01-23,1,-9.3,1.8,-3.0,73.2,1007.4,1.35
2023-01-24,1,-2.8,7.6,0.9,100.0,1010.0,3.38
2023-01-25,1,-6.1,2.6,-3.0,91.5,1006.0,9.75
2023-01-26,1,-8.6,1.7,-4.8,65.8,1024.8,0.0
2023-01-27,1,-8.2,1.3,-2.6,79.9,1013.0,0.0
2023-01-28,1,-8.3,1.6,-1.7,94.8,1007.7,13.28
2023-01-29,1,-12.6,-2.5,-7.5,88.8,997.9,0.14
2023-01-30,1,-4.1,3.7,0.1,71.1,1025.9,0.0
2023-01-31,1,-6.8,3.4,-2.2,75.3,1007.2,3.12
2023-02-01,2,-3.9,5.7,0.6,84.1,1023.2,0.0
2023-02-02,2,-2.7,6.9,0.7,60.2,1015.9,0.0
2023-02-03,2,-5.6,4.1,-2.2,63.5,1021.1,0.0
2023-02-04,2,-8.5,1.4,-3.5,78.7,1021.7,0.0
2023-02-05,2,-6.7,7.0,0.1,66.3,1004.3,0.0
2023-02-06,2,-10.9,-3.3,-7.2,75.5,1017.7,0.0
2023-02-07,2,-1.8,7.6,1.9,76.8,1013.2,0.0
2023-02-08,2,-6.2,1.2,-2.8,64.0,1028.0,1.44
2023-02-09,2,-6.7,2.9,-3.1,78.3,1030.2,0.0
2023-02-10,2,-8.5,0.6,-3.9,81.2,1014.7,0.0
2023-02-11,2,-6.5,2.2,-1.9,62.0,1011.9,0.0
2023-02-12,2,-6.7,5.6,-1.1,89.8,1011.2,7.52
2023-02-13,2,-4.5,5.4,1.1,77.1,1008.3,11.13
2023-02-14,2,-5.7,4.4,-1.5,83.8,998.4,2.09
2023-02-15,2,-0.8,11.1,5.1,69.4,1011.8,0.0
2023-02-16,2,-0.6,5.7,2.5,83.1,1002.8,7.1
2023-02-17,2,-4.9,3.0,-0.5,77.9,1022.8,0.0
2023-02-18,2,-4.5,7.8,2.3,47.1,1015.4,1.0
2023-02-19,2,-7.4,1.9,-2.9,67.2,1019.5,0.0
2023-02-20,2,-3.4,6.4,-0.3,59.2,1012.5,0.0
2023-02-21,2,0.8,11.5,4.7,49.8,1015.5,0.0
2023-02-22,2,-6.3,4.1,0.6,69.9,1023.1,0.0
2023-02-23,2,-1.8,7.9,2.6,91.3,1025.9,0.49
2023-02-24,2,-5.7,4.9,-1.0,78.2,1016.0,0.0
2023-02-25,2,-4.4,5.5,-1.2,74.3,1004.3,0.0
2023-02-26,2,2.0,10.7,6.6,50.3,1012.4,0.0
2023-02-27,2,-5.9,2.1,-1.4,88.1,1027.8,1.0
2023-02-28,2,0.2,11.6,4.7,77.5,1010.0,0.0
2023-03-01,3,-5.3,2.7,-2.0,76.3,1026.1,1.97
2023-03-02,3,-6.1,5.4,-0.3,56.0,1023.8,0.0
2023-03-03,3,-2.7,9.0,2.6,42.4,1010.1,0.0
2023-03-04,3,-1.7,5.3,2.1,80.6,1012.2,0.0
2023-03-05,3,3.0,11.6,6.2,73.4,1014.4,0.0
2023-03-06,3,-3.7,6.9,0.8,69.7,999.8,0.0
2023-03-07,3,5.0,14.4,8.8,75.4,1002.4,0.97
2023-03-08,3,3.3,9.7,6.3,53.1,1017.0,0.0
2023-03-09,3,-0.3,6.6,3.1,63.3,1012.6,0.0
2023-03-10,3,-0.8,11.4,5.8,64.2,1016.4,0.0
2023-03-11,3,-1.2,7.2,3.7,55.9,1015.2,0.0
2023-03-12,3,-1.0,9.9,5.2,71.6,1010.9,0.0
2023-03-13,3,0.6,7.9,3.7,66.1,997.8,0.0
2023-03-14,3,4.4,15.2,8.7,63.5,1006.8,0.0
2023-03-15,3,-1.7,9.8,4.9,69.2,1010.7,0.0
2023-03-16,3,1.2,12.5,5.5,82.2,1018.8,0.0
2023-03-17,3,-3.5,7.0,3.1,82.7,1006.8,2.14
2023-03-18,3,2.1,12.8,6.3,65.6,1024.9,0.0
2023-03-19,3,-4.5,8.8,2.5,76.0,1008.6,5.65
2023-03-20,3,-0.7,7.3,3.0,59.8,1011.5,0.0
2023-03-21,3,9.6,18.2,13.6,69.9,1008.8,0.0
2023-03-22,3,3.8,11.8,8.0,74.7,1005.1,0.0
2023-03-23,3,0.3,10.4,6.0,75.2,1020.3,0.0
2023-03-24,3,2.1,10.0,6.1,71.2,1018.3,0.0
2023-03-25,3,-0.2,10.7,4.0,63.0,1008.1,0.0
2023-03-26,3,2.6,11.3,6.1,63.2,995.2,0.0
2023-03-27,3,1.6,11.7,6.3,51.2,1009.2,0.0
2023-03-28,3,0.9,10.1,4.9,68.8,1008.7,0.0
2023-03-29,3,1.8,10.0,6.2,62.7,1019.0,0.0
2023-03-30,3,0.8,11.0,6.7,68.3,1022.0,0.0
2023-03-31,3,3.0,13.1,7.9,84.2,1017.5,0.0
2023-04-01,4,3.2,14.6,8.1,66.6,1022.2,0.0
2023-04-02,4,5.8,13.8,9.5,50.0,1020.9,0.0
2023-04-03,4,3.9,12.3,9.2,74.2,998.6,0.0
2023-04-04,4,3.0,12.6,7.0,67.6,1008.5,0.82
2023-04-05,4,10.5,19.1,15.4,51.1,1014.5,0.0
2023-04-06,4,0.5,10.7,6.0,50.8,1011.4,0.0
2023-04-07,4,10.0,16.9,13.1,74.1,1017.9,0.0
2023-04-08,4,4.8,15.6,9.3,60.9,1018.0,0.0
2023-04-09,4,6.2,16.9,10.2,75.9,1010.4,0.0
2023-04-10,4,3.7,11.0,7.5,50.1,1012.8,0.0
2023-04-11,4,6.6,13.7,10.5,90.4,1021.3,0.62
2023-04-12,4,5.8,16.1,11.2,48.5,997.7,0.0
2023-04-13,4,7.5,14.3,10.8,77.2,1018.6,0.0
2023-04-14,4,5.1,11.9,8.8,66.6,1013.3,0.0
2023-04-15,4,5.9,15.7,10.0,42.7,1013.8,0.0
2023-04-16,4,9.2,20.1,13.2,68.6,1020.4,0.0
2023-04-17,4,4.4,16.1,9.2,66.6,1011.2,1.94
2023-04-18,4,7.7,17.7,13.0,59.9,1014.4,0.22
2023-04-19,4,12.2,21.0,17.9,65.7,1020.4,0.0
2023-04-20,4,6.4,14.6,10.1,60.3,1016.1,0.0
2023-04-21,4,6.8,17.8,13.5,51.0,1013.1,0.0
2023-04-22,4,11.0,22.6,17.2,37.1,1012.3,0.0
2023-04-23,4,7.6,16.9,13.5,58.3,1017.3,0.0
2023-04-24,4,10.1,23.1,16.1,67.4,1015.8,0.0
2023-04-25,4,12.4,24.6,19.0,49.5,1009.9,0.0
2023-04-26,4,10.2,19.7,14.3,47.1,1015.8,0.0
2023-04-27,4,13.6,24.4,19.1,69.4,1013.7,0.0
2023-04-28,4,10.7,22.0,15.8,57.3,1029.5,0.0
2023-04-29,4,6.7,16.9,10.8,67.2,1010.5,0.0
2023-04-30,4,10.6,19.6,16.4,61.0,995.4,0.0
2023-05-01,5,12.0,22.5,15.8,66.4,1008.2,0.0
2023-05-02,5,8.6,17.7,12.6,58.5,1018.6,0.0
2023-05-03,5,11.4,22.4,17.2,49.2,1006.6,0.0
2023-05-04,5,10.2,22.3,15.5,52.2,1003.6,0.0
2023-05-05,5,13.3,23.7,19.6,49.6,1015.4,0.0
2023-05-06,5,12.6,19.9,16.5,53.1,1003.6,0.0
2023-05-07,5,12.6,21.0,16.5,61.4,1004.8,0.0
2023-05-08,5,14.1,22.7,18.8,64.1,1006.6,0.0
2023-05-09,5,14.9,25.3,18.6,58.0,1005.8,0.0
2023-05-10,5,10.7,19.2,15.9,53.7,1009.3,0.0
2023-05-11,5,13.3,21.7,17.3,43.0,999.8,0.0
2023-05-12,5,12.5,22.8,16.4,70.9,1020.7,0.52
2023-05-13,5,17.9,27.2,21.5,43.4,1011.7,0.0
2023-05-14,5,15.2,26.5,21.2,60.3,1012.5,0.0
2023-05-15,5,15.0,24.2,20.1,69.8,1028.7,0.0
2023-05-16,5,17.0,26.8,22.0,64.4,1021.0,0.29
2023-05-17,5,14.7,27.7,21.0,56.6,1012.9,0.0
2023-05-18,5,18.8,28.4,23.9,49.6,1011.2,0.0
2023-05-19,5,13.9,23.0,18.7,50.6,1014.0,0.0
2023-05-20,5,14.5,24.3,20.3,61.0,1011.0,0.0
2023-05-21,5,16.0,28.4,21.9,47.1,1004.6,0.0
2023-05-22,5,21.3,28.3,24.9,53.1,1017.3,0.0
2023-05-23,5,14.8,25.8,21.3,57.1,1006.4,0.0
2023-05-24,5,12.4,23.1,16.9,39.1,1008.0,0.0
2023-05-25,5,18.0,29.6,23.4,44.1,1020.0,0.0
2023-05-26,5,17.3,26.5,21.6,57.4,1011.1,0.0
2023-05-27,5,19.0,28.8,25.1,42.2,1004.2,1.78
2023-05-28,5,19.0,28.5,25.3,60.9,1006.4,0.0
2023-05-29,5,14.1,23.2,19.7,48.8,1025.1,0.0
2023-05-30,5,14.0,22.6,19.0,57.4,1009.2,0.0
2023-05-31,5,14.3,24.6,19.5,32.0,1007.0,0.0
2023-06-01,6,16.0,27.4,21.7,57.1,1008.2,0.0
2023-06-02,6,16.2,25.9,21.9,48.0,1015.4,0.0
2023-06-03,6,22.8,29.5,26.1,35.8,1009.1,0.0
2023-06-04,6,13.8,26.4,19.9,48.9,1022.9,0.0
2023-06-05,6,19.2,27.7,24.2,45.6,1024.7,0.0
2023-06-06,6,19.4,26.7,22.9,44.4,1015.1,1.68
2023-06-07,6,16.1,22.6,19.2,49.6,1016.7,0.0
2023-06-08,6,15.1,28.6,21.8,48.8,1010.1,0.0
2023-06-09,6,20.5,30.7,23.8,37.0,1010.5,0.0
2023-06-10,6,21.3,30.2,26.6,50.4,1022.3,0.0
2023-06-11,6,13.5,21.4,17.8,51.7,1016.1,0.0
2023-06-12,6,12.7,24.2,19.3,40.5,1009.3,0.0
2023-06-13,6,15.6,25.7,22.0,56.6,1013.5,0.0
2023-06-14,6,20.1,31.0,24.7,46.7,1004.2,0.0
2023-06-15,6,17.4,27.0,23.3,63.4,1018.7,0.0
2023-06-16,6,15.7,26.4,19.5,45.9,1001.8,0.0
2023-06-17,6,21.5,29.3,25.3,35.4,1000.0,0.0
2023-06-18,6,16.8,26.3,22.2,48.9,1026.9,0.0
2023-06-19,6,18.5,25.9,22.2,59.4,1013.4,0.0
2023-06-20,6,20.3,26.9,23.6,62.8,1025.6,0.0
2023-06-21,6,18.3,29.6,24.3,39.4,1026.6,0.0
2023-06-22,6,19.6,28.6,23.4,47.9,1007.3,0.0
2023-06-23,6,15.4,25.3,21.1,46.4,1010.3,0.0
2023-06-24,6,18.5,31.8,24.8,50.8,1005.3,0.0
2023-06-25,6,21.3,28.2,24.9,50.2,1015.8,0.0
2023-06-26,6,19.0,28.6,24.5,33.3,1001.8,0.0
2023-06-27,6,22.0,32.7,27.3,61.7,1012.5,0.0
2023-06-28,6,18.1,28.9,25.0,42.4,1015.5,0.0
2023-06-29,6,26.9,36.9,30.8,46.6,1011.5,0.0
2023-06-30,6,20.1,30.1,24.0,46.2,1003.0,0.0
2023-07-01,7,19.9,29.7,23.4,49.4,1024.8,0.0
2023-07-02,7,23.2,33.9,28.5,62.6,1006.6,0.0
2023-07-03,7,24.3,35.1,29.1,45.4,1005.8,0.0
2023-07-04,7,21.2,30.1,25.3,31.0,1018.3,0.0
2023-07-05,7,19.9,27.9,24.7,53.7,1006.9,0.0
2023-07-06,7,18.4,26.1,21.6,52.5,1016.8,0.0
2023-07-07,7,19.5,28.6,23.6,43.7,1000.2,0.0
2023-07-08,7,22.0,31.3,27.6,56.7,1014.8,0.0
2023-07-09,7,22.5,31.9,26.2,54.9,1027.9,0.0
2023-07-10,7,21.4,32.4,27.2,62.5,1009.7,0.0
2023-07-11,7,25.3,36.5,29.8,43.0,1006.8,0.0
2023-07-12,7,22.5,32.8,28.1,54.0,1027.5,0.0
2023-07-13,7,20.4,33.5,27.2,50.4,1020.7,0.0
2023-07-14,7,18.0,30.5,23.9,61.0,1011.3,0.0
2023-07-15,7,22.1,32.3,28.3,54.9,1011.8,0.0
2023-07-16,7,20.4,29.5,26.0,42.1,1013.1,1.33
2023-07-17,7,20.1,29.6,25.2,55.9,1011.1,0.0
2023-07-18,7,24.5,35.6,29.1,34.0,1020.1,1.63
2023-07-19,7,19.9,31.4,25.4,40.6,1018.7,0.0
2023-07-20,7,19.1,29.4,25.0,45.9,1008.7,0.0
2023-07-21,7,27.2,34.8,30.9,49.1,1020.0,0.0
2023-07-22,7,17.1,27.7,21.1,61.6,1014.9,0.0
2023-07-23,7,20.8,28.2,25.0,54.1,1013.2,0.0
2023-07-24,7,16.2,28.9,22.8,64.6,1019.3,0.0
2023-07-25,7,19.2,28.5,25.1,53.2,1008.8,0.0
2023-07-26,7,23.6,34.5,29.7,41.4,1002.6,0.0
2023-07-27,7,21.1,32.1,26.6,35.3,999.3,0.0
2023-07-28,7,21.6,30.4,27.3,49.7,1017.8,0.0
2023-07-29,7,15.8,25.3,20.9,48.5,1025.6,0.0
2023-07-30,7,24.3,31.4,27.9,61.2,1027.6,0.0
2023-07-31,7,19.7,31.4,26.6,60.3,1005.9,0.0
2023-08-01,8,19.0,30.0,23.5,47.5,1021.8,0.0
2023-08-02,8,18.4,29.4,24.5,46.7,1032.9,0.0
2023-08-03,8,16.0,27.1,21.9,59.4,1017.5,0.33
2023-08-04,8,24.4,32.4,28.8,34.7,1010.4,0.0
2023-08-05,8,21.7,29.8,26.0,58.0,1012.8,0.0
2023-08-06,8,23.6,32.6,28.0,65.3,1006.2,0.0
2023-08-07,8,24.1,34.0,27.6,49.3,1014.8,0.0
2023-08-08,8,17.3,24.1,20.4,58.2,1015.0,1.31
2023-08-09,8,17.8,26.3,22.0,64.8,1003.2,0.0
2023-08-10,8,21.1,32.4,26.8,51.7,1025.0,0.0
2023-08-11,8,24.1,35.8,29.2,58.3,1013.2,0.0
2023-08-12,8,24.3,34.1,29.5,38.2,1009.0,0.0
2023-08-13,8,18.7,30.8,25.1,48.9,1019.5,0.0
2023-08-14,8,21.7,31.5,25.0,64.6,1007.1,1.37
2023-08-15,8,23.3,30.4,26.9,34.4,992.9,0.0
2023-08-16,8,16.3,25.6,21.1,49.2,1016.5,0.0
2023-08-17,8,22.3,31.9,26.3,60.0,998.9,0.0
2023-08-18,8,19.1,31.7,26.1,58.3,1013.6,0.0
2023-08-19,8,23.7,33.9,26.9,46.5,1000.4,0.0
2023-08-20,8,15.3,24.8,18.9,45.8,1005.1,0.0
2023-08-21,8,14.3,23.8,19.9,60.8,1009.1,0.0
2023-08-22,8,19.9,31.2,25.6,59.0,1018.9,0.0
2023-08-23,8,23.0,33.4,26.6,47.6,1011.2,0.0
2023-08-24,8,14.4,24.4,18.9,73.2,1008.4,0.0
2023-08-25,8,18.9,29.3,24.9,42.9,1025.5,0.0
2023-08-26,8,19.5,27.4,23.3,55.6,1010.8,0.0
2023-08-27,8,13.6,25.7,19.0,69.1,1017.9,0.0
2023-08-28,8,17.9,26.6,23.4,59.8,1014.2,0.0
2023-08-29,8,17.0,25.4,22.1,42.5,1021.7,0.0
2023-08-30,8,19.8,29.1,23.3,57.4,1008.2,0.0
2023-08-31,8,21.3,30.7,25.3,52.9,1018.7,0.0
2023-09-01,9,13.6,24.0,20.5,49.3,1023.5,0.0
2023-09-02,9,15.2,26.1,21.4,47.4,1003.8,1.9
2023-09-03,9,10.8,23.8,17.4,58.2,1012.2,0.0
2023-09-04,9,12.5,25.5,19.5,70.0,1012.9,0.0
2023-09-05,9,13.4,22.2,18.8,64.6,1000.6,1.39
2023-09-06,9,16.2,25.3,22.1,56.7,1017.3,0.0
2023-09-07,9,14.9,27.9,21.1,55.7,1019.8,0.0
2023-09-08,9,15.3,24.6,18.3,45.4,1012.6,0.0
2023-09-09,9,14.3,22.4,17.8,60.2,1001.3,0.0
2023-09-10,9,11.4,22.2,16.7,47.8,1009.6,0.0
2023-09-11,9,16.0,28.0,21.5,60.0,1023.6,0.0
2023-09-12,9,13.7,24.4,20.0,39.9,1027.9,0.0
2023-09-13,9,12.8,21.0,17.7,60.0,1006.0,0.0
2023-09-14,9,16.4,25.8,21.7,65.7,1007.3,0.0
2023-09-15,9,11.3,21.5,17.8,50.9,999.8,0.0
2023-09-16,9,16.8,26.5,20.3,57.5,1008.4,0.0
2023-09-17,9,12.5,25.2,18.9,60.2,1014.3,0.0
2023-09-18,9,13.0,22.9,17.6,61.0,996.2,0.0
2023-09-19,9,10.5,20.3,13.5,50.0,1023.5,0.0
2023-09-20,9,8.4,17.8,14.3,48.3,995.8,0.0
2023-09-21,9,12.5,22.7,18.9,61.6,1013.6,0.0
2023-09-22,9,8.8,16.2,12.0,56.1,1006.5,0.0
2023-09-23,9,13.8,22.4,18.6,70.9,1010.3,0.0
2023-09-24,9,13.8,24.7,18.4,76.1,1004.9,11.23
2023-09-25,9,12.1,21.5,16.1,62.8,1021.4,0.0
2023-09-26,9,10.3,20.3,16.1,56.9,1011.8,0.0
2023-09-27,9,9.2,19.2,15.8,64.8,996.2,0.0
2023-09-28,9,8.9,17.6,13.3,45.4,1007.6,0.0
2023-09-29,9,2.5,12.0,8.5,68.6,1014.1,0.0
2023-09-30,9,8.2,19.4,14.3,65.6,1021.3,0.0
2023-10-01,10,15.4,26.9,21.3,74.6,1001.8,0.0
2023-10-02,10,11.0,21.3,17.3,66.7,1028.5,0.0
2023-10-03,10,14.8,24.1,17.8,68.7,1017.3,0.0
2023-10-04,10,14.4,24.0,17.7,60.8,1008.7,0.0
2023-10-05,10,3.8,15.9,10.5,62.6,1007.8,0.0
2023-10-06,10,9.7,21.0,14.1,57.2,1006.5,0.0
2023-10-07,10,5.2,16.5,11.7,73.2,1005.0,0.0
2023-10-08,10,3.6,13.1,9.0,62.2,1016.1,0.0
2023-10-09,10,10.5,20.2,14.6,78.1,1005.7,11.8
2023-10-10,10,4.1,14.8,11.1,58.5,1010.0,0.0
2023-10-11,10,7.6,17.4,10.7,70.1,1010.3,0.0
2023-10-12,10,3.3,15.4,9.6,94.8,1010.5,0.14
2023-10-13,10,6.9,17.0,10.6,58.9,1019.9,0.0
2023-10-14,10,7.1,15.9,11.1,62.7,1012.9,0.0
2023-10-15,10,5.4,15.8,10.6,61.9,996.7,0.0
2023-10-16,10,0.7,11.5,5.9,42.6,1002.8,0.9
2023-10-17,10,4.0,11.2,7.6,61.7,1015.9,1.93
2023-10-18,10,9.2,19.8,14.0,58.1,1013.6,0.0
2023-10-19,10,5.2,13.3,9.7,63.1,1008.9,0.0
2023-10-20,10,4.6,17.2,11.2,81.5,1022.4,0.0
2023-10-21,10,5.7,17.7,11.0,65.7,1018.9,0.0
2023-10-22,10,3.6,14.9,9.5,66.0,1002.0,0.0
2023-10-23,10,1.5,14.6,8.2,65.5,1006.7,0.0
2023-10-24,10,5.1,14.6,9.0,66.2,1018.4,0.0
2023-10-25,10,9.5,20.8,14.7,73.0,1013.3,0.0
2023-10-26,10,2.0,8.6,5.1,62.6,1012.7,0.0
2023-10-27,10,4.4,13.5,9.4,64.6,1012.4,0.0
2023-10-28,10,-1.1,9.3,4.3,62.8,1009.0,1.83
2023-10-29,10,8.8,17.8,12.1,68.1,1019.5,0.0
2023-10-30,10,1.4,12.4,5.9,64.9,1023.0,0.0
2023-10-31,10,6.6,16.1,11.4,81.0,1016.6,0.86
2023-11-01,11,4.8,15.0,8.8,77.4,1004.7,7.83
2023-11-02,11,4.6,15.2,8.7,64.7,1005.3,0.0
2023-11-03,11,-0.8,9.1,5.5,61.0,1028.0,0.79
2023-11-04,11,0.9,13.9,7.5,80.3,1004.6,6.16
2023-11-05,11,-1.9,6.2,3.2,76.7,1015.0,0.0
2023-11-06,11,2.3,12.8,6.8,75.6,1016.7,0.0
2023-11-07,11,6.7,17.3,11.6,71.2,1008.2,0.0
2023-11-08,11,1.9,9.8,5.9,84.0,1009.0,0.46
2023-11-09,11,-5.7,4.0,-0.7,68.7,996.7,0.0
2023-11-10,11,2.5,9.3,6.0,56.4,1017.0,0.0
2023-11-11,11,-3.2,9.8,3.2,66.6,1016.4,0.0
2023-11-12,11,-0.0,10.1,6.9,55.7,1027.2,0.0
2023-11-13,11,-0.8,9.0,2.6,84.8,1000.2,0.34
2023-11-14,11,-3.2,6.8,2.8,72.0,1021.1,0.0
2023-11-15,11,-1.9,7.3,2.4,66.2,1026.6,1.95
2023-11-16,11,1.1,13.7,7.0,79.0,1017.2,0.0
2023-11-17,11,-0.3,8.2,4.9,85.7,1025.7,0.97
2023-11-18,11,3.4,13.5,7.7,83.4,1014.2,0.0
2023-11-19,11,5.9,14.0,9.3,76.8,1014.5,0.0
2023-11-20,11,6.1,15.7,9.8,78.0,1010.9,0.0
2023-11-21,11,-3.1,7.9,1.4,69.9,1017.5,0.0
2023-11-22,11,-0.0,10.8,5.1,71.3,1006.0,0.0
2023-11-23,11,-5.0,4.5,1.4,76.0,1018.9,0.0
2023-11-24,11,-4.3,4.8,1.6,78.5,1003.8,1.49
2023-11-25,11,3.2,13.2,7.6,78.1,1021.2,0.0
2023-11-26,11,-1.5,8.4,2.8,88.4,1017.6,0.2
2023-11-27,11,-1.8,9.2,3.9,76.3,1032.1,0.0
2023-11-28,11,-0.8,6.7,2.8,92.3,1004.9,8.83
2023-11-29,11,-6.0,3.8,-0.3,67.9,1019.2,0.0
2023-11-30,11,3.7,13.6,8.6,72.3,998.4,0.0
2023-12-01,12,-10.7,-1.0,-4.5,86.9,1014.4,4.86
2023-12-02,12,-1.9,8.6,3.4,84.9,1015.2,0.0
2023-12-03,12,-7.7,0.1,-4.5,65.6,1006.0,0.0
2023-12-04,12,-0.7,7.7,2.8,93.1,1010.1,6.9
2023-12-05,12,-2.3,6.6,2.2,75.2,1018.1,0.0
2023-12-06,12,-1.9,7.8,3.5,80.0,1011.2,0.0
2023-12-07,12,-1.7,8.3,1.5,80.2,1019.2,0.0
2023-12-08,12,-2.7,7.9,0.9,71.1,1020.1,0.0
2023-12-09,12,-2.5,6.1,1.6,74.2,1001.7,0.0
2023-12-10,12,-7.5,5.1,-1.4,75.7,1009.3,5.7
2023-12-11,12,0.3,9.1,4.3,70.0,1026.7,0.0
2023-12-12,12,-13.0,-3.2,-8.5,78.1,1013.0,0.0
2023-12-13,12,-3.2,9.2,2.3,100.0,1012.5,1.39
2023-12-14,12,-5.7,4.6,-1.8,69.5,1014.8,0.0
2023-12-15,12,-7.4,4.9,-0.7,79.0,1007.3,7.35
2023-12-16,12,-5.9,3.3,-0.3,81.4,1013.5,0.0
2023-12-17,12,-6.6,2.1,-3.6,62.6,1020.1,0.0
2023-12-18,12,-5.5,8.2,1.5,75.1,1012.0,0.68
2023-12-19,12,-8.6,-0.1,-4.3,70.6,990.8,0.26
2023-12-20,12,-6.2,5.3,-0.9,87.7,1025.1,0.49
2023-12-21,12,-3.2,4.0,0.4,73.7,1013.3,0.0
2023-12-22,12,-9.1,3.1,-2.9,100.0,1022.6,0.44
2023-12-23,12,-3.5,6.9,0.1,100.0,1010.0,1.28
2023-12-24,12,-9.0,-1.8,-4.9,76.0,1017.0,0.0
2023-12-25,12,-5.3,4.5,0.2,87.4,1023.1,0.74
2023-12-26,12,-7.5,2.5,-1.9,65.7,1016.6,0.0
2023-12-27,12,-2.8,5.7,1.9,84.6,1026.6,0.0
2023-12-28,12,-5.6,3.8,-1.3,84.3,1020.0,0.0
2023-12-29,12,-5.6,2.9,-0.9,84.2,1019.0,0.0
2023-12-30,12,-3.9,4.1,-0.6,82.8,1027.2,0.0
